timestamp,Marktpreis_deutschland,Marktpreis_Schweiz,Marktpreis_Ã–sterreich,Marktpreis_Italien_Nord,Marktpreis_Frankreich
1514761200000.0,,17.12,,45.34,2.66
1514847600000.0,,45.09,,39.96,32.25
1514934000000.0,,47.84,,52.24,16.52
1515020400000.0,,47.89,,42.84,30.7
1515106800000.0,,44.32,,51.38,34.01
1515193200000.0,,37.82,,47.4,36.21
1515279600000.0,,27.8,,45.09,22.41
1515366000000.0,,46.31,,45.6,36.81
1515452400000.0,,48.6,,55.25,47.04
1515538800000.0,,47.03,,50.37,41.19
1515625200000.0,,49.62,,53.19,48.06
1515711600000.0,,45.59,,49.64,44.41
1515798000000.0,,41.76,,47.06,39.45
1515884400000.0,,41.12,,47.04,36.44
1515970800000.0,,47.33,,50.05,40.79
1516057200000.0,,46.61,,51.3,33.54
1516143600000.0,,45.71,,47.09,37.06
1516230000000.0,,47.29,,48.48,35.07
1516316400000.0,,44.36,,50.04,40.69
1516402800000.0,,42.99,,49.12,36.84
1516489200000.0,,38.34,,40.42,34.3
1516575600000.0,,43.84,,43.76,37.43
1516662000000.0,,46.24,,50.84,38.37
1516748400000.0,,47.29,,51.25,29.78
1516834800000.0,,46.55,,53.13,34.38
1516921200000.0,,46.82,,50.21,45.14
1517007600000.0,,44.74,,46.35,36.79
1517094000000.0,,42.8,,45.17,24.91
1517180400000.0,,46.05,,48.85,36.83
1517266800000.0,,46.99,,46.91,40.36
1517353200000.0,,46.26,,50.53,33.15
1517439600000.0,,46.42,,46.94,39.43
1517526000000.0,,46.13,,48.94,40.9
1517612400000.0,,44.63,,44.41,41.11
1517698800000.0,,42.74,,44.26,38.64
1517785200000.0,,50.54,,49.75,45.28
1517871600000.0,,52.91,,52.93,50.56
1517958000000.0,,51.12,,52.05,50.7
1518044400000.0,,52.82,,54.83,54.56
1518130800000.0,,49.07,,49.89,47.2
1518217200000.0,,44.65,,48.17,42.02
1518303600000.0,,42.16,,39.94,33.72
1518390000000.0,,47.72,,50.44,48.88
1518476400000.0,,48.83,,53.19,42.93
1518562800000.0,,48.42,,53.94,44.65
1518649200000.0,,48.45,,53.78,42.59
1518735600000.0,,47.94,,56.93,43.15
1518822000000.0,,46.72,,47.39,41.18
1518908400000.0,,42.73,,46.86,39.65
1518994800000.0,,49.21,,53.54,50.99
1519081200000.0,,51.85,,54.35,49.71
1519167600000.0,,53.19,,55.34,48.85
1519254000000.0,,54.62,,60.34,51.97
1519340400000.0,,55.25,,69.4,52.12
1519426800000.0,,57.54,,69.01,53.45
1519513200000.0,,59.97,,52.23,44.69
1519599600000.0,,68.48,,89.5,60.94
1519686000000.0,,92.06,,107.78,83.76
1519772400000.0,,85.84,,84.8,80.07
1519858800000.0,,82.11,,93.14,84.28
1519945200000.0,,91.06,,100.94,84.05
1520031600000.0,,55.23,,67.03,47.06
1520118000000.0,,54.4,,53.3,43.61
1520204400000.0,,60.73,,72.67,54.92
1520290800000.0,,56.78,,59.69,50.42
1520377200000.0,,54.03,,52.8,48.79
1520463600000.0,,49.63,,52.41,45.43
1520550000000.0,,50.3,,52.25,42.86
1520636400000.0,,42.86,,48.8,34.18
1520722800000.0,,29.87,,59.5,27.01
1520809200000.0,,42.8,,43.46,38.55
1520895600000.0,,53.81,,55.08,47.25
1520982000000.0,,50.44,,54.22,47.51
1521068400000.0,,56.55,,60.62,36.31
1521154800000.0,,57.72,,53.31,46.64
1521241200000.0,,57.8,,55.78,51.79
1521327600000.0,,47.02,,46.15,41.09
1521414000000.0,,59.56,,60.29,54.25
1521500400000.0,,58.57,,61.5,48.83
1521586800000.0,,59.75,,57.87,55.02
1521673200000.0,,59.96,,68.56,61.37
1521759600000.0,,55.09,,55.28,53.9
1521846000000.0,,46.34,,50.42,45.64
1521932400000.0,,34.97,,47.08,42.94
1522015200000.0,,55.81,,59.27,53.09
1522101600000.0,,54.35,,55.94,46.3
1522188000000.0,,51.72,,53.2,43.38
1522274400000.0,,50.57,,52.82,44.87
1522360800000.0,,38.15,,54.93,39.91
1522447200000.0,,32.86,,41.76,34.46
1522533600000.0,,21.89,,38.32,27.8
1522620000000.0,,29.11,,53.31,29.16
1522706400000.0,,38.93,,53.1,36.87
1522792800000.0,,38.31,,59.37,36.29
1522879200000.0,,44.17,,51.99,41.23
1522965600000.0,,39.75,,55.29,36.49
1523052000000.0,,27.08,,49.4,26.31
1523138400000.0,,24.67,,40.89,24.32
1523224800000.0,,41.08,,55.43,44.91
1523311200000.0,,40.91,,51.83,41.79
1523397600000.0,,39.2,,57.82,39.5
1523484000000.0,,41.06,,54.6,44.08
1523570400000.0,,45.99,,54.32,44.98
1523656800000.0,,34.66,,44.42,36.9
1523743200000.0,,32.61,,47.3,26.25
1523829600000.0,,44.91,,54.49,46.63
1523916000000.0,,45.1,,49.65,43.8
1524002400000.0,,41.06,,48.75,41.0
1524088800000.0,,38.85,,44.12,40.19
1524175200000.0,,38.17,,44.49,39.0
1524261600000.0,,31.73,,46.75,25.1
1524348000000.0,,18.85,,45.2,15.99
1524434400000.0,,32.62,,44.52,34.13
1524520800000.0,,34.61,,52.28,35.62
1524607200000.0,,28.32,,40.25,28.48
1524693600000.0,,32.37,,46.02,31.49
1524780000000.0,,37.33,,44.7,36.66
1524866400000.0,,27.72,,39.37,21.97
1524952800000.0,,17.44,,41.15,13.85
1525039200000.0,,16.34,,46.36,17.21
1525125600000.0,,-5.79,,42.03,11.8
1525212000000.0,,38.95,,48.37,40.32
1525298400000.0,,41.12,,46.83,39.96
1525384800000.0,,39.89,,56.03,36.42
1525471200000.0,,26.97,,44.72,27.95
1525557600000.0,,18.61,,46.16,21.13
1525644000000.0,,34.05,,46.99,39.91
1525730400000.0,,30.62,,46.85,30.3
1525816800000.0,,35.52,,53.79,38.24
1525903200000.0,,22.81,,51.64,24.37
1525989600000.0,,37.31,,56.6,41.88
1526076000000.0,,32.76,,45.39,31.34
1526162400000.0,,15.66,,37.42,17.17
1526248800000.0,,33.52,,43.52,33.3
1526335200000.0,,40.0,,52.93,43.05
1526421600000.0,,42.43,,53.0,37.23
1526508000000.0,,36.13,,60.49,34.26
1526594400000.0,,39.69,,56.75,38.78
1526680800000.0,,35.22,,47.1,22.63
1526767200000.0,,20.03,,48.25,13.36
1526853600000.0,,11.6,,66.46,11.82
1526940000000.0,,38.52,,54.78,46.37
1527026400000.0,,42.42,,57.55,44.01
1527112800000.0,,38.54,,57.12,42.12
1527199200000.0,,39.7,,56.63,42.78
1527285600000.0,,35.44,,43.63,33.69
1527372000000.0,,28.22,,43.13,33.76
1527458400000.0,,46.08,,54.47,48.22
1527544800000.0,,42.59,,61.36,46.97
1527631200000.0,,46.59,,58.15,47.95
1527717600000.0,,41.11,,63.71,45.95
1527804000000.0,,47.98,,59.99,46.78
1527890400000.0,,40.1,,46.6,28.69
1527976800000.0,,33.92,,39.35,22.56
1528063200000.0,,47.0,,57.96,45.74
1528149600000.0,,50.33,,59.26,52.08
1528236000000.0,,52.17,,56.28,51.29
1528322400000.0,,51.7,,59.3,51.83
1528408800000.0,,50.34,,59.68,49.68
1528495200000.0,,41.76,,45.34,39.76
1528581600000.0,,34.83,,48.13,35.57
1528668000000.0,,48.14,,63.29,47.63
1528754400000.0,,49.15,,58.02,48.19
1528840800000.0,,47.52,,57.58,48.22
1528927200000.0,,45.02,,60.32,45.93
1529013600000.0,,49.54,,54.82,50.57
1529100000000.0,,39.86,,52.03,38.83
1529186400000.0,,27.91,,46.9,24.42
1529272800000.0,,45.05,,53.57,45.58
1529359200000.0,,46.59,,56.37,49.13
1529445600000.0,,45.35,,60.33,47.23
1529532000000.0,,41.11,,64.27,36.74
1529618400000.0,,29.11,,61.95,26.0
1529704800000.0,,26.47,,46.92,27.73
1529791200000.0,,27.83,,48.19,30.28
1529877600000.0,,47.31,,57.01,45.98
1529964000000.0,,48.82,,54.71,48.74
1530050400000.0,,46.66,,59.81,49.6
1530136800000.0,,45.74,,59.65,45.05
1530223200000.0,,45.09,,59.42,46.19
1530309600000.0,,42.17,,53.58,43.52
1530396000000.0,,34.18,,49.03,30.59
1530482400000.0,,47.71,,55.61,52.27
1530568800000.0,,50.95,,61.1,56.9
1530655200000.0,,54.52,,71.95,57.29
1530741600000.0,,50.29,,62.31,55.96
1530828000000.0,,49.01,,62.04,51.86
1530914400000.0,,40.13,,49.36,43.88
1531000800000.0,,35.53,,52.82,36.39
1531087200000.0,,49.01,,60.1,52.39
1531173600000.0,,54.86,,65.14,52.95
1531260000000.0,,54.39,,64.59,52.57
1531346400000.0,,53.26,,64.27,53.31
1531432800000.0,,51.34,,67.23,51.45
1531519200000.0,,47.69,,55.84,48.98
1531605600000.0,,46.83,,52.94,46.36
1531692000000.0,,55.09,,61.73,53.7
1531778400000.0,,53.66,,62.69,52.14
1531864800000.0,,49.69,,67.18,50.66
1531951200000.0,,52.29,,63.41,51.7
1532037600000.0,,53.06,,66.43,53.54
1532124000000.0,,49.85,,60.83,50.37
1532210400000.0,,47.08,,47.57,46.82
1532296800000.0,,53.75,,60.07,55.06
1532383200000.0,,56.19,,61.09,57.23
1532469600000.0,,58.22,,61.89,59.24
1532556000000.0,,56.96,,64.13,60.04
1532642400000.0,,54.91,,65.98,56.23
1532728800000.0,,47.02,,61.31,47.35
1532815200000.0,,47.48,,54.9,44.87
1532901600000.0,,54.41,,70.43,55.19
1532988000000.0,,56.59,,67.53,56.33
1533074400000.0,,56.97,,71.3,56.3
1533160800000.0,,59.22,,72.11,59.51
1533247200000.0,,62.59,,71.47,63.71
1533333600000.0,,53.05,,63.28,51.35
1533420000000.0,,48.48,,62.5,50.96
1533506400000.0,,62.31,,66.57,62.22
1533592800000.0,,62.62,,68.02,63.36
1533679200000.0,,57.26,,70.68,56.5
1533765600000.0,,57.07,,64.08,54.71
1533852000000.0,,43.88,,65.78,46.48
1533938400000.0,,46.9,,57.14,48.03
1534024800000.0,,47.53,,60.48,43.15
1534111200000.0,,54.6,,61.77,55.99
1534197600000.0,,53.7,,62.01,55.21
1534284000000.0,,54.35,,61.84,52.87
1534370400000.0,,56.8,,61.7,56.23
1534456800000.0,,58.4,,60.36,57.93
1534543200000.0,,52.17,,58.15,54.88
1534629600000.0,,50.52,,58.72,49.9
1534716000000.0,,58.71,,67.21,60.55
1534802400000.0,,66.79,,68.28,67.36
1534888800000.0,,65.08,,70.21,68.02
1534975200000.0,,65.79,,68.07,67.33
1535061600000.0,,62.57,,66.26,62.15
1535148000000.0,,58.91,,64.99,59.24
1535234400000.0,,53.98,,58.3,54.76
1535320800000.0,,63.52,,64.88,60.15
1535407200000.0,,68.35,,68.09,68.24
1535493600000.0,,67.19,,69.26,68.3
1535580000000.0,,66.1,,73.04,68.19
1535666400000.0,,66.97,,71.85,66.88
1535752800000.0,,62.59,,65.46,61.64
1535839200000.0,,55.13,,63.51,54.39
1535925600000.0,,65.85,,68.08,65.23
1536012000000.0,,66.53,,69.21,66.94
1536098400000.0,,66.98,,72.5,69.41
1536184800000.0,,66.22,,74.26,66.96
1536271200000.0,,65.31,,74.12,65.1
1536357600000.0,,55.58,,68.19,58.84
1536444000000.0,,52.19,,64.52,50.71
1536530400000.0,,63.48,,89.44,65.74
1536616800000.0,,65.4,,76.55,64.11
1536703200000.0,,68.13,,88.1,68.3
1536789600000.0,,69.94,,92.57,71.1
1536876000000.0,,66.51,,82.92,66.25
1536962400000.0,,56.33,,72.46,54.83
1537048800000.0,,49.14,,65.43,47.29
1537135200000.0,,64.61,,82.71,64.94
1537221600000.0,,60.16,,83.11,61.84
1537308000000.0,,60.85,,80.57,62.46
1537394400000.0,,60.8,,81.9,62.13
1537480800000.0,,54.33,,94.33,59.24
1537567200000.0,,63.02,,78.32,64.95
1537653600000.0,,54.33,,67.36,50.24
1537740000000.0,,64.21,,80.4,65.67
1537826400000.0,,67.9,,80.01,65.31
1537912800000.0,,63.15,,84.29,63.64
1537999200000.0,,63.19,,83.45,64.44
1538085600000.0,,60.87,,76.7,61.72
1538172000000.0,,59.06,,69.25,60.03
1538258400000.0,,54.14,,66.07,55.75
1538344800000.0,61.24,72.59,63.19,74.68,65.05
1538431200000.0,42.34,75.05,49.75,79.3,66.27
1538517600000.0,18.29,76.45,60.4,78.92,68.71
1538604000000.0,65.15,74.88,72.76,77.24,71.5
1538690400000.0,60.3,74.48,69.47,76.51,67.39
1538776800000.0,57.91,68.49,58.89,79.73,59.17
1538863200000.0,54.92,62.92,55.2,72.65,55.45
1538949600000.0,63.88,77.84,74.18,77.57,70.23
1539036000000.0,71.56,79.04,77.99,83.46,75.2
1539122400000.0,62.17,78.88,73.68,78.92,68.04
1539208800000.0,54.35,77.51,71.71,78.33,65.31
1539295200000.0,56.77,73.87,63.95,73.7,61.49
1539381600000.0,44.88,66.99,55.45,68.2,57.62
1539468000000.0,28.09,58.52,36.19,62.6,40.61
1539554400000.0,59.45,72.47,62.23,75.79,67.76
1539640800000.0,72.0,80.26,74.16,81.14,74.04
1539727200000.0,70.91,77.9,74.69,93.53,74.82
1539813600000.0,63.16,75.15,71.48,78.47,66.17
1539900000000.0,67.61,76.82,71.13,80.0,66.53
1539986400000.0,59.38,71.52,61.57,69.76,60.31
1540072800000.0,55.51,64.05,56.1,64.85,57.02
1540159200000.0,56.13,74.22,69.51,77.22,62.73
1540245600000.0,34.62,76.48,62.59,74.65,63.5
1540332000000.0,44.57,76.25,58.91,75.71,67.25
1540418400000.0,48.74,74.64,59.29,75.06,71.67
1540504800000.0,58.53,75.47,61.58,75.2,70.5
1540591200000.0,48.12,68.57,54.32,67.85,66.23
1540677600000.0,43.46,60.26,45.98,59.89,53.78
1540767600000.0,43.97,76.45,50.96,74.39,74.31
1540854000000.0,33.67,73.87,42.72,74.44,73.12
1540940400000.0,45.14,70.2,52.04,74.05,73.27
1541026800000.0,47.91,55.99,49.45,60.94,54.12
1541113200000.0,54.77,63.35,57.86,66.15,65.98
1541199600000.0,52.04,62.62,54.08,60.81,61.09
1541286000000.0,47.47,51.56,49.03,55.49,54.4
1541372400000.0,57.19,65.68,59.22,63.13,62.71
1541458800000.0,58.55,57.92,58.92,63.77,60.24
1541545200000.0,56.01,58.78,56.48,61.01,57.26
1541631600000.0,62.87,63.16,62.85,63.11,62.96
1541718000000.0,59.51,60.43,59.79,62.45,60.52
1541804400000.0,43.07,47.93,44.6,59.81,51.09
1541890800000.0,39.73,42.93,42.07,56.8,49.9
1541977200000.0,54.9,62.51,56.95,63.5,62.88
1542063600000.0,53.11,66.87,59.36,65.54,64.74
1542150000000.0,61.87,67.11,62.53,64.72,64.47
1542236400000.0,63.48,65.6,64.32,66.39,66.38
1542322800000.0,57.77,66.71,62.77,67.62,67.3
1542409200000.0,48.21,61.92,63.18,64.75,60.27
1542495600000.0,47.6,60.27,56.83,62.67,56.91
1542582000000.0,48.22,73.23,66.61,74.51,74.31
1542668400000.0,46.65,80.12,70.72,80.64,95.19
1542754800000.0,55.36,81.21,73.65,76.51,115.13
1542841200000.0,77.8,82.04,86.48,89.29,102.22
1542927600000.0,80.33,83.15,81.49,80.74,84.76
1543014000000.0,61.95,67.34,65.21,66.02,66.47
1543100400000.0,53.85,62.19,59.62,59.58,59.43
1543186800000.0,73.67,73.24,75.4,76.46,89.12
1543273200000.0,75.51,82.21,76.02,77.45,77.5
1543359600000.0,52.99,65.83,57.5,62.23,62.24
1543446000000.0,50.4,61.18,60.09,63.39,62.38
1543532400000.0,57.5,62.3,61.51,70.94,62.18
1543618800000.0,46.86,60.98,58.21,68.04,58.06
1543705200000.0,30.2,52.72,47.96,66.21,45.5
1543791600000.0,44.62,61.51,59.84,65.98,51.99
1543878000000.0,50.65,63.12,60.89,65.82,60.35
1543964400000.0,59.21,62.16,59.33,64.33,59.63
1544050800000.0,54.75,57.72,57.49,72.2,57.59
1544137200000.0,42.58,55.14,58.84,68.16,48.66
1544223600000.0,11.87,44.42,45.42,50.63,29.13
1544310000000.0,8.92,44.79,42.16,53.87,25.63
1544396400000.0,36.16,56.19,45.37,58.09,50.98
1544482800000.0,55.37,63.63,61.6,63.63,62.32
1544569200000.0,69.91,70.44,70.33,74.4,71.01
1544655600000.0,66.24,68.09,68.89,73.39,69.83
1544742000000.0,71.16,75.48,73.67,76.54,75.34
1544828400000.0,54.41,64.3,62.36,65.32,61.3
1544914800000.0,49.71,57.27,59.18,62.65,57.29
1545001200000.0,69.39,68.69,69.56,74.2,70.05
1545087600000.0,59.45,66.06,65.09,68.14,61.92
1545174000000.0,56.44,65.57,62.85,75.75,61.12
1545260400000.0,56.69,65.06,62.73,71.21,59.46
1545346800000.0,49.62,62.96,64.21,66.92,53.95
1545433200000.0,36.62,52.15,50.7,59.35,44.58
1545519600000.0,42.67,45.61,43.48,61.15,45.36
1545606000000.0,46.83,45.56,47.38,58.05,50.33
1545692400000.0,19.01,36.82,23.65,47.9,39.29
1545778800000.0,47.4,46.43,48.5,57.01,52.69
1545865200000.0,60.01,62.04,60.43,63.29,61.51
1545951600000.0,59.8,59.68,60.04,62.39,60.84
1546038000000.0,47.34,55.12,51.86,59.06,53.45
1546124400000.0,33.53,45.54,49.97,66.35,47.33
1546210800000.0,54.69,53.45,54.86,58.94,55.32
1546297200000.0,-4.3,43.05,15.07,43.96,41.24
1546383600000.0,25.92,58.19,35.5,58.85,54.27
1546470000000.0,57.72,62.31,59.35,61.43,61.25
1546556400000.0,49.91,63.26,53.95,66.3,64.93
1546642800000.0,42.18,60.18,52.53,67.42,62.66
1546729200000.0,54.55,59.06,54.92,57.9,55.61
1546815600000.0,51.81,64.23,61.48,69.1,62.78
1546902000000.0,34.5,59.18,53.37,75.67,57.8
1546988400000.0,40.0,61.58,56.57,70.35,57.76
1547074800000.0,67.67,68.14,68.92,71.47,69.23
1547161200000.0,49.92,65.61,56.77,68.5,65.34
1547247600000.0,40.8,58.13,44.63,65.33,53.54
1547334000000.0,15.1,49.35,40.49,65.68,46.28
1547420400000.0,32.61,59.01,38.35,64.96,56.65
1547506800000.0,45.45,63.64,49.64,71.49,60.94
1547593200000.0,45.2,62.51,49.97,72.41,62.7
1547679600000.0,42.84,63.26,51.19,69.0,61.56
1547766000000.0,61.73,67.02,63.4,70.77,66.68
1547852400000.0,55.39,62.82,62.75,67.37,63.87
1547938800000.0,53.89,60.61,61.04,65.28,61.54
1548025200000.0,69.9,72.77,70.26,72.69,71.51
1548111600000.0,63.0,68.73,66.07,73.49,72.32
1548198000000.0,75.08,71.83,75.32,78.36,76.07
1548284400000.0,85.8,82.83,85.84,85.57,85.94
1548370800000.0,66.5,72.08,67.45,70.29,69.53
1548457200000.0,49.09,55.86,51.99,61.27,54.39
1548543600000.0,35.44,48.63,49.23,62.95,40.53
1548630000000.0,50.4,58.7,58.18,61.21,55.89
1548716400000.0,60.19,64.65,61.73,69.49,62.67
1548802800000.0,53.07,62.47,60.22,71.66,59.18
1548889200000.0,59.84,62.68,60.16,65.74,61.13
1548975600000.0,55.48,60.4,57.35,66.18,59.49
1549062000000.0,50.19,52.56,50.2,54.63,50.21
1549148400000.0,46.72,48.19,47.01,53.39,47.78
1549234800000.0,44.05,58.92,50.52,64.26,57.23
1549321200000.0,53.79,58.68,54.83,60.86,58.36
1549407600000.0,51.32,53.28,52.1,57.41,52.99
1549494000000.0,44.55,52.03,49.87,63.58,48.21
1549580400000.0,41.62,53.06,49.16,61.18,47.39
1549666800000.0,6.81,48.53,46.43,62.52,33.78
1549753200000.0,28.03,44.04,31.25,51.8,32.09
1549839600000.0,31.97,51.68,35.91,51.85,47.13
1549926000000.0,46.74,52.61,48.28,59.46,51.39
1550012400000.0,45.38,50.52,47.11,55.48,49.7
1550098800000.0,49.09,50.95,49.44,57.72,50.45
1550185200000.0,47.62,47.87,48.39,55.89,48.85
1550271600000.0,39.22,43.64,43.31,52.52,44.03
1550358000000.0,39.05,41.11,39.67,52.0,39.67
1550444400000.0,46.4,47.38,47.96,61.42,47.02
1550530800000.0,41.31,49.68,45.93,58.36,47.02
1550617200000.0,45.6,47.7,46.87,58.34,47.16
1550703600000.0,43.23,47.28,45.93,61.21,47.03
1550790000000.0,47.2,47.61,47.26,56.91,47.02
1550876400000.0,40.14,42.61,40.36,52.18,40.06
1550962800000.0,39.99,39.79,40.0,46.92,39.64
1551049200000.0,44.41,45.94,44.49,57.2,44.44
1551135600000.0,44.6,44.82,44.49,57.32,43.75
1551222000000.0,44.21,43.04,44.24,55.17,43.43
1551308400000.0,40.26,41.28,40.71,58.17,40.09
1551394800000.0,45.85,45.74,45.77,54.41,44.35
1551481200000.0,41.25,40.67,41.31,50.54,40.71
1551567600000.0,10.22,22.79,13.06,52.42,17.88
1551654000000.0,13.31,37.94,20.82,51.01,29.23
1551740400000.0,31.34,37.92,39.38,61.43,40.41
1551826800000.0,34.77,40.98,35.62,59.61,35.98
1551913200000.0,29.02,34.82,29.88,56.48,32.65
1551999600000.0,26.39,40.56,32.93,57.74,40.03
1552086000000.0,7.98,31.9,28.27,53.06,24.03
1552172400000.0,17.51,25.39,19.02,46.81,18.29
1552258800000.0,38.67,39.58,38.69,49.1,39.28
1552345200000.0,36.59,41.45,37.07,59.12,39.41
1552431600000.0,18.05,35.31,30.4,60.74,28.88
1552518000000.0,32.54,33.97,34.21,59.63,35.13
1552604400000.0,25.21,31.36,27.59,58.1,29.85
1552690800000.0,17.22,24.8,18.57,45.8,17.75
1552777200000.0,0.43,11.01,5.23,55.83,8.76
1552863600000.0,31.92,39.6,35.62,54.51,38.6
1552950000000.0,45.34,44.48,45.34,61.41,45.31
1553036400000.0,41.5,42.8,41.52,55.31,41.96
1553122800000.0,39.79,40.75,39.84,54.37,39.93
1553209200000.0,40.57,40.59,40.57,54.85,40.45
1553295600000.0,35.61,34.48,35.62,45.11,35.6
1553382000000.0,33.46,30.02,33.48,46.69,33.35
1553468400000.0,32.29,36.73,32.74,51.01,33.86
1553554800000.0,36.5,38.63,36.68,52.26,37.29
1553641200000.0,40.19,40.48,40.19,49.86,39.97
1553727600000.0,42.32,41.68,42.33,50.73,40.48
1553814000000.0,39.85,39.56,39.86,56.36,39.34
1553900400000.0,35.04,34.09,35.05,48.39,34.05
1553986800000.0,28.63,28.93,28.67,47.6,26.68
1554069600000.0,38.01,36.07,38.02,57.64,36.67
1554156000000.0,33.85,36.45,34.29,56.27,35.73
1554242400000.0,42.24,41.84,42.39,63.73,42.93
1554328800000.0,42.02,42.76,42.27,60.67,43.8
1554415200000.0,42.28,42.77,42.55,52.31,43.53
1554501600000.0,38.33,39.0,38.42,51.21,39.13
1554588000000.0,37.98,35.98,37.99,52.3,38.37
1554674400000.0,44.4,45.14,44.64,56.16,45.42
1554760800000.0,41.99,43.91,42.15,59.7,42.72
1554847200000.0,42.82,43.43,43.1,61.72,44.07
1554933600000.0,44.74,46.17,44.74,62.19,44.74
1555020000000.0,44.9,46.43,44.9,61.05,44.9
1555106400000.0,41.42,42.16,41.76,55.36,42.95
1555192800000.0,37.25,40.72,38.12,55.83,41.57
1555279200000.0,41.83,46.85,45.08,55.63,46.91
1555365600000.0,41.62,47.95,44.67,57.26,45.25
1555452000000.0,40.81,43.08,41.24,58.78,42.26
1555538400000.0,40.84,40.73,41.99,54.63,41.55
1555624800000.0,33.84,35.92,37.33,50.54,36.3
1555711200000.0,34.52,35.88,34.54,46.42,30.31
1555797600000.0,31.6,29.75,31.54,40.08,30.88
1555884000000.0,-14.01,15.33,-7.27,37.01,10.86
1555970400000.0,14.75,22.49,18.59,62.78,26.94
1556056800000.0,34.7,32.52,34.59,56.16,33.39
1556143200000.0,39.31,34.66,38.73,45.02,28.66
1556229600000.0,43.54,39.51,42.95,47.98,39.97
1556316000000.0,31.99,32.83,31.99,43.34,24.26
1556402400000.0,35.09,34.0,34.71,36.21,33.46
1556488800000.0,43.15,43.16,43.11,49.35,42.06
1556575200000.0,42.87,42.41,42.87,52.22,42.85
1556661600000.0,25.47,27.08,25.78,45.84,28.34
1556748000000.0,37.94,38.34,39.24,57.34,38.93
1556834400000.0,40.7,41.03,40.73,58.71,40.78
1556920800000.0,39.51,37.87,39.52,55.44,38.57
1557007200000.0,30.49,34.6,30.47,45.61,31.33
1557093600000.0,44.29,43.17,44.33,52.05,44.76
1557180000000.0,50.47,49.06,50.52,56.04,50.02
1557266400000.0,39.47,41.71,39.5,59.59,38.4
1557352800000.0,45.25,42.65,45.25,56.07,44.66
1557439200000.0,44.79,46.42,44.88,54.98,44.88
1557525600000.0,37.61,38.53,37.71,51.99,33.34
1557612000000.0,19.42,20.59,20.82,44.75,23.53
1557698400000.0,39.23,41.57,39.23,56.04,39.21
1557784800000.0,41.01,41.98,40.92,53.62,40.57
1557871200000.0,40.85,42.36,40.85,53.95,40.72
1557957600000.0,39.73,41.46,39.73,52.19,39.73
1558044000000.0,42.95,39.67,42.95,51.61,42.11
1558130400000.0,37.19,37.25,37.19,43.99,36.85
1558216800000.0,35.36,33.46,35.35,43.89,35.22
1558303200000.0,46.29,44.18,46.3,47.98,45.49
1558389600000.0,43.29,41.96,43.39,48.37,42.65
1558476000000.0,40.09,40.42,40.09,47.76,40.09
1558562400000.0,40.67,42.4,40.61,46.21,39.67
1558648800000.0,40.46,39.51,40.49,44.19,38.81
1558735200000.0,36.68,36.36,36.68,41.82,36.68
1558821600000.0,21.6,23.42,21.92,44.82,21.34
1558908000000.0,35.35,35.61,35.47,44.37,31.83
1558994400000.0,43.33,40.1,42.37,46.6,34.52
1559080800000.0,41.76,40.11,41.19,42.63,37.49
1559167200000.0,16.09,22.71,16.86,44.86,19.29
1559253600000.0,35.8,34.54,35.6,46.68,33.82
1559340000000.0,29.96,31.6,29.8,37.71,28.88
1559426400000.0,21.87,21.34,21.44,32.83,17.69
1559512800000.0,36.9,35.52,36.88,47.56,35.22
1559599200000.0,38.99,39.59,38.62,40.66,35.6
1559685600000.0,37.93,35.78,37.73,44.39,35.11
1559772000000.0,36.48,34.94,36.09,48.31,33.53
1559858400000.0,37.61,33.81,36.96,47.13,26.45
1559944800000.0,-42.24,18.16,28.74,39.74,3.68
1560031200000.0,22.5,22.09,22.05,28.72,20.03
1560117600000.0,31.37,27.93,31.35,44.4,31.26
1560204000000.0,44.67,39.5,43.99,45.46,40.33
1560290400000.0,44.0,41.11,43.43,47.93,39.48
1560376800000.0,38.51,36.19,39.26,46.77,32.44
1560463200000.0,41.62,38.13,41.27,44.7,34.5
1560549600000.0,30.58,30.61,30.69,32.59,27.79
1560636000000.0,31.15,27.84,30.5,34.91,23.77
1560722400000.0,41.66,36.0,40.56,45.13,33.4
1560808800000.0,42.28,36.01,41.54,52.28,33.77
1560895200000.0,41.2,36.81,40.7,53.64,33.26
1560981600000.0,36.39,35.67,36.17,52.87,34.66
1561068000000.0,38.69,37.89,38.21,45.58,33.89
1561154400000.0,31.63,32.34,31.62,39.48,24.31
1561240800000.0,20.92,19.53,21.15,34.99,12.01
1561327200000.0,34.47,32.13,34.16,44.35,29.73
1561413600000.0,40.52,34.87,39.62,47.35,33.54
1561500000000.0,38.56,33.95,38.27,57.92,29.33
1561586400000.0,35.47,33.05,35.29,65.09,31.25
1561672800000.0,43.45,35.25,42.38,54.21,35.02
1561759200000.0,33.25,31.81,32.96,46.97,29.18
1561845600000.0,15.13,6.75,16.44,40.57,18.61
1561932000000.0,32.96,30.38,32.98,61.59,30.13
1562018400000.0,33.35,31.98,34.01,63.83,33.95
1562104800000.0,34.66,33.94,34.61,60.34,31.82
1562191200000.0,33.98,32.43,33.98,55.88,31.28
1562277600000.0,35.26,33.46,35.14,54.57,33.83
1562364000000.0,29.76,28.6,29.84,47.58,29.34
1562450400000.0,24.66,18.69,24.92,41.27,25.44
1562536800000.0,35.69,32.79,35.69,50.17,34.74
1562623200000.0,37.39,35.73,37.28,52.13,35.63
1562709600000.0,41.47,38.42,41.45,50.01,40.47
1562796000000.0,45.91,42.61,45.89,51.95,44.11
1562882400000.0,45.24,41.05,45.24,53.14,40.92
1562968800000.0,37.24,36.13,37.24,44.79,36.44
1563055200000.0,35.61,33.01,35.61,38.69,33.04
1563141600000.0,41.56,40.2,41.55,50.58,39.6
1563228000000.0,42.89,43.4,42.9,46.29,42.9
1563314400000.0,45.88,45.54,45.85,47.2,45.22
1563400800000.0,43.93,43.12,44.23,46.68,40.97
1563487200000.0,44.81,42.63,45.05,52.77,42.39
1563573600000.0,35.09,37.13,35.92,40.55,33.14
1563660000000.0,31.53,30.33,34.8,39.55,32.28
1563746400000.0,42.62,42.67,43.26,51.96,41.8
1563832800000.0,46.6,45.63,47.23,52.67,46.07
1563919200000.0,50.64,48.06,51.48,58.95,52.93
1564005600000.0,50.23,50.75,50.32,61.0,50.26
1564092000000.0,44.5,45.21,46.99,61.64,46.79
1564178400000.0,36.16,35.85,36.77,48.33,36.26
1564264800000.0,32.09,34.33,32.09,36.23,31.64
1564351200000.0,45.5,40.31,46.15,47.83,40.38
1564437600000.0,44.53,40.94,43.38,48.39,31.97
1564524000000.0,48.46,39.09,49.73,53.54,31.79
1564610400000.0,44.66,39.25,44.63,49.99,42.0
1564696800000.0,43.7,40.97,44.02,45.32,41.31
1564783200000.0,36.37,37.32,36.53,41.83,35.13
1564869600000.0,35.15,34.69,34.99,38.67,34.06
1564956000000.0,46.28,40.2,47.13,46.84,36.63
1565042400000.0,42.06,39.89,42.09,46.04,41.19
1565128800000.0,40.87,40.35,41.39,50.08,36.46
1565215200000.0,34.72,34.47,34.8,46.2,33.39
1565301600000.0,38.69,33.8,38.89,44.06,29.02
1565388000000.0,12.44,16.16,29.46,42.16,14.03
1565474400000.0,14.35,19.04,21.75,43.47,20.13
1565560800000.0,41.24,32.32,41.06,49.04,32.58
1565647200000.0,38.04,33.76,37.62,42.8,33.65
1565733600000.0,38.77,31.49,37.6,37.93,31.89
1565820000000.0,30.5,27.64,30.65,32.73,23.83
1565906400000.0,35.69,29.13,35.39,35.14,31.29
1565992800000.0,26.22,25.19,26.37,36.16,24.13
1566079200000.0,27.69,25.39,28.05,35.58,22.75
1566165600000.0,34.43,32.99,35.96,43.88,31.12
1566252000000.0,39.8,35.99,39.81,41.98,34.6
1566338400000.0,41.68,34.22,41.43,42.51,34.03
1566424800000.0,36.31,32.28,36.74,41.17,33.29
1566511200000.0,37.32,33.08,37.01,42.43,31.31
1566597600000.0,32.29,29.03,32.46,38.95,31.26
1566684000000.0,30.64,28.69,30.64,38.61,28.5
1566770400000.0,45.66,37.22,45.67,49.86,40.42
1566856800000.0,46.42,43.36,46.42,59.29,45.49
1566943200000.0,50.83,45.6,50.83,68.59,46.8
1567029600000.0,44.49,43.07,44.5,64.05,42.68
1567116000000.0,41.34,39.16,41.39,58.29,39.94
1567202400000.0,33.66,34.3,33.67,48.64,32.26
1567288800000.0,30.11,29.46,30.11,48.38,30.09
1567375200000.0,39.17,38.54,39.04,60.22,38.35
1567461600000.0,35.4,36.95,35.83,52.6,36.39
1567548000000.0,34.0,32.43,34.08,48.7,33.08
1567634400000.0,31.72,30.61,34.2,51.56,32.62
1567720800000.0,32.45,33.96,32.56,51.6,32.15
1567807200000.0,35.94,33.4,35.64,41.13,32.77
1567893600000.0,36.87,34.56,36.7,37.72,31.1
1567980000000.0,45.51,40.97,45.02,44.14,42.82
1568066400000.0,36.82,37.08,36.77,50.29,35.6
1568152800000.0,33.93,34.62,34.06,47.71,32.79
1568239200000.0,37.78,38.76,37.72,47.83,37.39
1568325600000.0,39.02,36.67,38.97,47.61,38.84
1568412000000.0,36.2,36.89,36.16,42.83,34.5
1568498400000.0,23.76,26.81,32.15,42.47,28.29
1568584800000.0,47.15,43.64,47.19,52.62,47.0
1568671200000.0,33.87,40.45,42.4,49.82,42.75
1568757600000.0,36.48,43.23,39.98,56.64,39.06
1568844000000.0,43.78,44.09,44.78,61.77,42.83
1568930400000.0,42.7,44.58,46.13,53.85,40.28
1569016800000.0,34.65,35.61,36.4,43.34,28.84
1569103200000.0,29.64,30.98,29.64,46.18,27.46
1569189600000.0,44.13,44.99,44.88,53.24,41.74
1569276000000.0,47.45,44.47,48.2,56.41,40.25
1569362400000.0,46.74,45.41,48.29,60.43,39.88
1569448800000.0,41.57,42.95,42.89,56.27,39.31
1569535200000.0,38.44,40.76,40.56,61.96,37.24
1569621600000.0,24.1,34.75,29.19,52.6,28.37
1569708000000.0,11.06,25.53,19.93,45.01,17.79
1569794400000.0,22.1,39.64,41.64,55.64,36.67
1569880800000.0,42.55,41.92,42.6,60.86,39.97
1569967200000.0,40.86,44.8,41.74,64.21,38.69
1570053600000.0,40.07,41.51,40.39,56.71,40.8
1570140000000.0,43.68,44.06,44.04,63.57,40.0
1570226400000.0,36.89,37.58,37.21,51.04,37.31
1570312800000.0,31.99,33.7,32.05,42.8,31.81
1570399200000.0,44.63,46.48,44.95,60.84,44.73
1570485600000.0,34.86,42.7,37.59,62.03,39.21
1570572000000.0,35.2,40.61,36.82,59.1,36.25
1570658400000.0,30.46,37.99,31.74,56.37,35.08
1570744800000.0,25.97,33.72,30.02,59.91,27.9
1570831200000.0,19.73,29.81,28.84,44.87,24.99
1570917600000.0,22.14,26.88,23.54,41.05,23.81
1571004000000.0,35.56,41.39,38.29,57.58,37.53
1571090400000.0,43.63,44.34,43.7,58.21,43.64
1571176800000.0,39.46,40.96,40.17,55.86,41.2
1571263200000.0,43.77,44.77,44.09,58.78,44.08
1571349600000.0,35.35,39.62,37.88,59.98,39.23
1571436000000.0,33.09,35.15,33.35,50.13,33.09
1571522400000.0,34.83,34.5,34.83,41.89,34.83
1571608800000.0,43.72,45.07,44.03,49.51,44.65
1571695200000.0,46.83,46.86,47.01,49.54,47.45
1571781600000.0,43.51,43.24,43.82,50.25,44.47
1571868000000.0,38.61,38.19,38.85,46.88,39.2
1571954400000.0,36.11,36.61,37.13,41.97,38.34
1572040800000.0,20.21,28.44,34.74,39.07,26.16
1572127200000.0,20.76,28.45,32.66,39.05,30.83
1572217200000.0,42.44,46.1,44.49,48.2,46.92
1572303600000.0,48.11,50.25,48.34,49.61,48.57
1572390000000.0,48.02,48.96,48.72,49.92,49.66
1572476400000.0,42.63,44.88,44.92,47.01,46.48
1572562800000.0,32.27,31.65,32.34,40.83,31.7
1572649200000.0,27.48,30.04,28.04,41.39,28.38
1572735600000.0,26.69,28.09,26.68,28.43,25.67
1572822000000.0,38.7,38.47,38.8,37.74,37.49
1572908400000.0,42.7,42.81,42.7,42.86,42.7
1572994800000.0,51.79,49.63,51.79,51.33,51.79
1573081200000.0,42.72,44.77,42.94,44.15,43.52
1573167600000.0,47.12,47.37,47.23,51.72,48.38
1573254000000.0,41.69,42.43,41.69,42.13,41.69
1573340400000.0,40.97,41.9,40.98,41.03,41.03
1573426800000.0,41.11,44.99,43.68,46.69,44.56
1573513200000.0,42.2,47.63,46.98,50.83,48.45
1573599600000.0,47.08,52.98,49.37,56.2,56.49
1573686000000.0,45.32,51.54,47.62,54.74,53.08
1573772400000.0,37.9,51.94,43.9,57.19,57.41
1573858800000.0,38.1,48.04,40.03,47.01,46.34
1573945200000.0,36.82,44.74,37.82,42.22,43.24
1574031600000.0,41.36,53.39,44.71,56.37,56.25
1574118000000.0,46.49,58.14,50.45,61.54,64.2
1574204400000.0,53.25,60.15,53.36,58.86,59.37
1574290800000.0,50.09,54.26,50.21,56.27,56.24
1574377200000.0,43.58,48.89,44.13,51.42,47.53
1574463600000.0,30.58,46.42,33.54,44.74,40.67
1574550000000.0,33.47,38.85,35.37,42.19,41.23
1574636400000.0,51.12,48.9,51.15,50.85,51.24
1574722800000.0,47.36,48.85,47.37,50.66,47.37
1574809200000.0,39.5,45.12,42.71,45.66,42.31
1574895600000.0,30.49,42.91,41.67,51.5,40.21
1574982000000.0,40.08,48.37,42.85,48.84,47.41
1575068400000.0,42.01,44.85,42.14,46.28,42.32
1575154800000.0,42.45,45.0,42.6,45.33,43.13
1575241200000.0,46.18,51.84,47.23,52.03,50.98
1575327600000.0,51.36,53.75,53.87,55.32,57.85
1575414000000.0,47.94,54.92,52.3,57.22,59.58
1575500400000.0,41.82,55.96,47.34,56.21,57.83
1575586800000.0,31.1,49.79,43.31,51.23,48.78
1575673200000.0,24.91,46.05,36.83,48.28,45.73
1575759600000.0,-16.38,42.27,35.37,44.19,31.54
1575846000000.0,23.37,45.96,45.28,46.47,36.63
1575932400000.0,40.17,48.23,44.78,47.15,45.69
1576018800000.0,38.12,45.79,46.92,51.36,46.53
1576105200000.0,44.62,48.88,49.2,52.83,45.17
1576191600000.0,36.53,45.03,44.28,49.11,35.74
1576278000000.0,23.23,43.2,35.96,42.89,29.25
1576364400000.0,12.68,39.11,33.4,40.29,24.99
1576450800000.0,40.84,44.32,44.59,48.2,42.89
1576537200000.0,36.72,45.05,42.71,46.65,42.67
1576623600000.0,40.2,45.04,41.86,44.12,41.93
1576710000000.0,34.65,41.2,36.03,48.81,28.19
1576796400000.0,29.41,38.0,30.04,40.97,26.17
1576882800000.0,28.11,31.85,28.6,29.75,20.02
1576969200000.0,26.48,24.54,26.86,27.25,13.79
1577055600000.0,24.5,28.63,25.08,28.0,26.15
1577142000000.0,20.52,25.89,21.37,25.45,20.7
1577228400000.0,27.25,20.09,25.39,18.97,14.52
1577314800000.0,33.63,29.34,32.26,32.43,25.78
1577401200000.0,37.82,39.7,37.51,38.65,32.72
1577487600000.0,34.29,34.32,34.18,35.07,31.29
1577574000000.0,30.17,29.59,30.53,31.01,31.09
1577660400000.0,25.57,35.93,30.12,35.94,34.74
1577746800000.0,32.74,37.19,35.73,39.61,38.26
1577833200000.0,34.96,31.82,35.03,35.57,35.21
1577919600000.0,38.87,39.17,40.14,42.71,39.46
1578006000000.0,26.11,40.17,38.11,41.09,36.84
1578092400000.0,20.32,35.4,33.27,41.35,34.34
1578178800000.0,35.55,37.71,35.7,38.06,36.05
1578265200000.0,38.13,41.33,38.38,39.73,39.19
1578351600000.0,40.52,46.32,41.56,49.09,41.97
1578438000000.0,33.58,46.01,45.08,46.86,40.43
1578524400000.0,36.25,44.53,41.15,52.87,36.28
1578610800000.0,34.8,44.14,41.63,51.01,38.48
1578697200000.0,31.86,42.4,36.43,41.76,35.15
1578783600000.0,22.64,38.51,30.79,42.31,28.88
1578870000000.0,37.68,43.72,42.2,52.75,38.53
1578956400000.0,23.36,43.51,42.48,54.08,30.55
1579042800000.0,24.96,42.94,40.18,52.64,31.62
1579129200000.0,38.17,43.67,42.76,48.78,37.14
1579215600000.0,36.89,43.01,39.87,49.73,36.79
1579302000000.0,31.85,41.01,38.86,45.03,35.69
1579388400000.0,33.89,40.82,38.08,40.21,33.26
1579474800000.0,44.53,45.79,45.05,45.86,44.78
1579561200000.0,41.6,47.05,46.28,47.73,46.85
1579647600000.0,45.9,48.88,47.8,49.98,48.4
1579734000000.0,51.54,51.41,51.55,50.91,51.54
1579820400000.0,50.24,50.22,50.51,51.9,50.92
1579906800000.0,40.35,43.05,40.74,44.41,40.8
1579993200000.0,33.89,39.86,36.32,41.95,34.68
1580079600000.0,37.49,43.59,42.22,47.09,38.51
1580166000000.0,31.61,41.26,39.76,45.29,34.79
1580252400000.0,33.22,40.37,39.82,44.13,36.19
1580338800000.0,32.82,42.03,40.19,44.3,35.66
1580425200000.0,22.48,39.48,39.83,43.42,29.2
1580511600000.0,6.83,38.57,38.38,38.84,17.4
1580598000000.0,16.99,33.46,26.11,35.68,20.44
1580684400000.0,27.66,35.47,27.69,37.28,26.43
1580770800000.0,27.88,34.79,28.32,40.53,27.97
1580857200000.0,36.2,37.55,36.32,39.36,36.54
1580943600000.0,36.92,38.88,37.01,40.8,37.04
1581030000000.0,36.69,39.37,36.76,47.08,34.87
1581116400000.0,28.05,35.5,28.25,38.6,27.98
1581202800000.0,1.57,32.33,27.76,34.37,14.73
1581289200000.0,7.88,32.25,31.66,38.84,19.78
1581375600000.0,11.62,33.4,22.49,39.21,24.67
1581462000000.0,19.46,34.38,22.69,42.75,28.48
1581548400000.0,37.59,35.51,37.47,41.39,30.44
1581634800000.0,36.03,36.24,35.94,38.45,30.81
1581721200000.0,20.44,31.11,26.08,35.63,22.42
1581807600000.0,-8.27,29.67,8.33,34.14,8.08
1581894000000.0,18.25,34.16,24.24,39.87,24.02
1581980400000.0,21.87,33.43,30.0,39.3,26.53
1582066800000.0,30.91,35.53,32.52,40.21,31.14
1582153200000.0,28.68,34.99,30.75,38.94,30.1
1582239600000.0,24.33,33.78,30.32,44.06,30.59
1582326000000.0,-1.51,29.57,26.82,36.57,24.01
1582412400000.0,6.95,25.21,13.04,30.18,19.53
1582498800000.0,28.49,32.96,32.03,37.79,28.17
1582585200000.0,24.1,34.06,28.64,40.04,26.5
1582671600000.0,31.67,34.78,31.67,36.11,31.0
1582758000000.0,38.44,37.0,38.47,39.64,34.59
1582844400000.0,31.04,34.49,31.28,41.75,31.02
1582930800000.0,8.91,31.45,23.11,35.0,15.87
1583017200000.0,7.14,23.96,23.17,24.8,15.65
1583103600000.0,33.18,35.19,33.18,35.66,32.71
1583190000000.0,36.25,36.65,36.68,39.37,36.62
1583276400000.0,39.61,39.49,39.61,41.96,39.34
1583362800000.0,36.07,36.94,36.07,45.5,33.86
1583449200000.0,30.48,32.91,31.3,36.43,30.48
1583535600000.0,29.09,30.53,29.09,38.36,28.61
1583622000000.0,17.11,23.47,18.42,22.95,18.38
1583708400000.0,37.11,35.4,37.58,43.73,35.87
1583794800000.0,23.25,32.22,30.34,39.39,26.83
1583881200000.0,22.69,32.81,27.52,39.14,26.27
1583967600000.0,12.24,31.63,25.94,39.74,24.93
1584054000000.0,16.54,32.37,24.0,33.32,29.0
1584140400000.0,30.27,30.62,30.27,35.24,29.87
1584226800000.0,4.65,13.03,8.54,20.79,13.84
1584313200000.0,31.19,32.63,31.13,33.1,30.62
1584399600000.0,28.18,29.99,28.25,32.38,28.3
1584486000000.0,26.42,25.61,26.94,28.04,26.15
1584572400000.0,28.69,29.03,28.59,28.81,25.39
1584658800000.0,25.14,23.6,24.94,28.05,20.87
1584745200000.0,10.74,15.73,10.94,22.26,11.64
1584831600000.0,-0.95,9.18,4.32,23.88,6.05
1584918000000.0,16.98,19.74,16.94,16.98,16.72
1585004400000.0,20.45,19.81,20.58,26.72,20.12
1585090800000.0,23.06,21.89,23.09,25.42,22.47
1585177200000.0,22.23,22.2,22.47,24.36,21.32
1585263600000.0,21.55,23.03,21.76,29.87,21.46
1585350000000.0,14.24,13.51,17.15,30.31,14.13
1585436400000.0,4.22,7.73,4.89,28.87,6.82
1585519200000.0,23.32,21.74,23.32,33.6,21.72
1585605600000.0,25.17,27.03,24.86,24.9,22.05
1585692000000.0,23.36,22.3,23.55,24.49,22.98
1585778400000.0,19.95,21.66,23.53,28.71,21.86
1585864800000.0,22.53,22.31,22.54,26.66,22.11
1585951200000.0,20.15,20.48,19.85,19.45,16.83
1586037600000.0,2.68,4.98,6.2,17.52,6.2
1586124000000.0,17.34,16.63,17.93,28.62,12.59
1586210400000.0,23.54,21.74,23.25,30.5,16.78
1586296800000.0,26.51,22.65,26.07,27.13,15.17
1586383200000.0,23.51,22.62,23.63,25.84,17.24
1586469600000.0,23.14,19.02,22.67,22.05,14.51
1586556000000.0,20.86,16.69,20.54,22.96,13.35
1586642400000.0,12.45,10.23,12.41,15.55,11.37
1586728800000.0,-15.97,-6.95,-13.43,13.97,-6.5
1586815200000.0,19.9,18.69,19.54,25.56,12.01
1586901600000.0,20.17,19.16,20.23,19.23,14.48
1586988000000.0,25.32,22.13,24.5,22.42,12.6
1587074400000.0,27.77,22.9,26.69,29.25,14.06
1587160800000.0,20.23,19.52,20.04,28.6,15.17
1587247200000.0,7.41,7.46,7.79,24.28,7.57
1587333600000.0,2.44,11.5,11.71,30.98,4.71
1587420000000.0,-16.15,10.76,6.3,27.33,4.18
1587506400000.0,7.88,11.91,8.99,31.82,8.57
1587592800000.0,27.76,19.68,26.01,26.06,17.75
1587679200000.0,20.65,17.57,20.48,26.96,18.71
1587765600000.0,16.86,15.77,16.85,14.18,15.47
1587852000000.0,18.89,15.79,18.49,21.76,14.43
1587938400000.0,25.5,23.11,25.18,30.29,19.99
1588024800000.0,25.06,25.5,24.89,25.21,18.7
1588111200000.0,23.05,22.64,22.87,21.18,12.77
1588197600000.0,20.0,18.21,19.93,25.34,7.86
1588284000000.0,6.53,7.62,6.9,10.7,5.47
1588370400000.0,12.47,12.27,12.33,14.45,11.25
1588456800000.0,14.06,13.33,13.77,14.79,11.89
1588543200000.0,26.38,22.86,26.08,29.71,16.46
1588629600000.0,21.72,22.05,21.65,25.21,17.99
1588716000000.0,21.49,21.06,21.47,26.05,21.14
1588802400000.0,23.83,22.29,23.29,22.78,20.41
1588888800000.0,23.78,22.77,23.49,22.44,19.38
1588975200000.0,21.98,20.57,21.77,24.15,17.91
1589061600000.0,12.58,12.52,12.58,19.61,10.49
1589148000000.0,14.07,13.7,14.11,24.03,10.49
1589234400000.0,22.27,21.11,22.12,22.43,21.28
1589320800000.0,29.76,25.5,28.62,28.33,22.1
1589407200000.0,22.79,23.39,22.58,22.71,18.92
1589493600000.0,21.08,21.59,21.07,20.33,18.62
1589580000000.0,16.96,15.52,16.84,19.62,16.0
1589666400000.0,9.46,8.84,9.67,15.75,10.11
1589752800000.0,19.74,19.87,19.72,22.64,16.94
1589839200000.0,23.69,21.5,23.32,23.67,19.61
1589925600000.0,32.05,23.29,30.33,24.1,19.42
1590012000000.0,19.58,17.46,19.35,18.03,17.82
1590098400000.0,18.83,18.24,18.92,19.17,14.75
1590184800000.0,10.26,8.75,11.51,15.65,11.65
1590271200000.0,-26.13,-12.67,-22.75,11.12,-10.1
1590357600000.0,18.63,15.69,18.52,17.39,16.86
1590444000000.0,27.43,21.9,26.26,24.92,16.44
1590530400000.0,22.9,21.44,22.59,23.08,19.41
1590616800000.0,20.41,19.46,20.31,21.29,17.23
1590703200000.0,22.69,22.35,22.36,23.96,16.81
1590789600000.0,12.54,13.52,12.54,22.9,11.7
1590876000000.0,1.66,4.95,1.91,21.42,2.26
1590962400000.0,6.07,6.05,8.7,19.1,8.68
1591048800000.0,28.34,19.18,27.11,20.41,20.32
1591135200000.0,28.84,23.69,28.39,26.13,25.39
1591221600000.0,26.55,24.59,26.55,25.75,22.57
1591308000000.0,24.3,24.06,24.22,23.34,17.85
1591394400000.0,6.69,10.4,6.89,16.51,7.44
1591480800000.0,17.64,13.53,17.61,19.61,17.4
1591567200000.0,31.37,30.77,31.16,30.0,29.6
1591653600000.0,36.68,31.8,36.01,30.1,29.84
1591740000000.0,31.36,30.05,31.26,29.55,30.07
1591826400000.0,24.06,25.87,24.06,24.66,24.06
1591912800000.0,20.72,22.6,21.1,20.86,20.69
1591999200000.0,19.84,20.22,19.89,19.99,20.18
1592085600000.0,18.51,17.64,18.77,20.27,19.35
1592172000000.0,31.05,29.04,31.05,31.11,31.05
1592258400000.0,34.12,34.61,33.97,31.19,32.39
1592344800000.0,37.24,32.15,36.87,32.6,34.69
1592431200000.0,31.8,30.76,31.8,31.04,31.77
1592517600000.0,29.85,29.93,29.86,30.03,29.86
1592604000000.0,24.08,22.19,24.08,24.05,24.08
1592690400000.0,19.5,19.76,19.45,20.06,19.09
1592776800000.0,29.58,29.01,29.72,30.21,30.18
1592863200000.0,32.74,32.64,32.36,31.61,32.27
1592949600000.0,35.57,34.31,35.49,34.6,34.99
1593036000000.0,34.45,35.17,34.8,35.37,35.91
1593122400000.0,34.8,34.58,34.92,35.01,35.27
1593208800000.0,26.83,28.15,26.82,26.82,26.78
1593295200000.0,17.11,18.34,17.33,27.29,18.19
1593381600000.0,27.48,28.84,28.5,29.28,29.24
1593468000000.0,18.35,29.56,27.37,34.63,34.36
1593554400000.0,32.38,35.22,33.04,39.57,35.13
1593640800000.0,38.91,36.71,38.95,40.72,38.94
1593727200000.0,34.93,35.55,35.29,37.57,36.57
1593813600000.0,15.4,20.81,20.46,22.87,21.88
1593900000000.0,-15.34,7.65,0.86,21.9,3.19
1593986400000.0,14.28,27.62,24.0,31.87,27.13
1594072800000.0,31.9,34.27,32.64,34.32,35.09
1594159200000.0,41.21,39.01,41.21,41.3,41.26
1594245600000.0,42.42,41.37,42.17,40.58,41.54
1594332000000.0,36.62,37.5,37.14,38.59,38.02
1594418400000.0,28.6,29.75,28.77,29.85,29.38
1594504800000.0,24.77,25.71,24.8,27.16,24.9
1594591200000.0,34.18,35.58,34.31,34.94,34.68
1594677600000.0,36.76,35.56,36.68,36.61,35.12
1594764000000.0,41.71,38.92,41.42,40.24,39.94
1594850400000.0,44.45,40.8,44.01,40.73,40.26
1594936800000.0,37.58,38.98,37.48,37.51,36.98
1595023200000.0,29.01,29.68,29.36,30.46,30.1
1595109600000.0,27.78,26.12,27.87,28.22,28.14
1595196000000.0,32.96,34.67,33.58,35.66,35.42
1595282400000.0,31.71,36.2,33.04,37.05,36.05
1595368800000.0,34.35,35.88,35.18,38.58,37.71
1595455200000.0,35.69,36.54,36.71,39.84,39.43
1595541600000.0,31.15,34.5,32.54,34.89,33.96
1595628000000.0,25.52,29.11,26.96,27.79,27.29
1595714400000.0,12.61,18.62,20.4,23.56,20.16
1595800800000.0,32.53,32.74,33.46,36.43,35.05
1595887200000.0,22.97,32.71,31.08,38.44,32.99
1595973600000.0,20.75,34.23,31.66,46.25,37.69
1596060000000.0,35.62,36.65,36.81,46.19,40.36
1596146400000.0,38.51,38.38,39.41,55.21,41.41
1596232800000.0,28.31,32.56,29.49,33.4,32.8
1596319200000.0,28.19,29.22,28.86,30.14,28.34
1596405600000.0,36.72,36.51,36.72,38.5,36.7
1596492000000.0,36.39,35.77,36.39,37.21,34.81
1596578400000.0,29.61,32.93,30.48,40.55,33.31
1596664800000.0,33.28,34.99,34.0,37.06,36.72
1596751200000.0,35.98,34.91,36.39,38.23,38.0
1596837600000.0,32.04,32.53,32.29,32.61,33.17
1596924000000.0,28.53,29.15,28.77,30.07,30.18
1597010400000.0,36.98,36.93,37.37,38.68,38.5
1597096800000.0,36.3,36.47,36.96,38.79,39.88
1597183200000.0,35.86,36.65,36.83,40.26,40.49
1597269600000.0,38.59,38.36,38.82,38.73,39.33
1597356000000.0,40.83,38.45,40.2,37.03,37.7
1597442400000.0,31.86,31.03,31.86,31.92,31.86
1597528800000.0,28.68,28.12,28.71,31.93,28.8
1597615200000.0,40.36,37.43,40.34,40.13,39.94
1597701600000.0,42.39,39.81,42.23,40.68,41.28
1597788000000.0,38.23,38.96,38.26,37.72,38.14
1597874400000.0,38.11,35.7,38.08,38.25,37.79
1597960800000.0,31.81,33.3,32.3,34.78,32.91
1598047200000.0,23.83,26.81,27.24,34.02,25.02
1598133600000.0,16.33,23.24,21.89,26.25,22.15
1598220000000.0,44.72,38.32,44.74,44.49,44.73
1598306400000.0,38.46,38.12,38.97,39.72,39.7
1598392800000.0,17.89,32.72,33.57,46.0,37.4
1598479200000.0,46.31,48.53,48.07,51.56,52.82
1598565600000.0,40.7,43.38,41.16,43.9,42.61
1598652000000.0,35.64,37.22,35.76,37.32,36.24
1598738400000.0,33.82,33.6,33.81,33.81,33.75
1598824800000.0,54.04,49.1,54.04,53.84,54.31
1598911200000.0,49.81,52.89,49.81,49.7,49.87
1598997600000.0,49.82,49.42,49.82,49.48,49.83
1599084000000.0,40.54,42.74,42.19,46.85,46.98
1599170400000.0,38.32,41.89,39.93,44.79,44.38
1599256800000.0,33.41,35.83,33.81,37.49,35.38
1599343200000.0,34.83,35.54,34.83,35.53,34.88
1599429600000.0,43.54,45.49,43.79,47.64,45.85
1599516000000.0,37.6,43.93,40.8,47.07,46.59
1599602400000.0,36.63,43.52,40.38,49.99,49.48
1599688800000.0,47.34,50.27,48.05,52.0,50.93
1599775200000.0,47.81,45.94,48.8,56.56,52.43
1599861600000.0,31.87,39.32,37.49,40.64,39.86
1599948000000.0,20.19,35.41,33.97,36.29,34.71
1600034400000.0,53.11,52.24,53.69,53.17,55.23
1600120800000.0,70.2,61.18,70.86,70.03,72.76
1600207200000.0,53.41,52.0,55.92,58.24,57.83
1600293600000.0,46.4,51.63,49.27,51.59,50.25
1600380000000.0,42.13,47.54,44.35,45.16,44.71
1600466400000.0,36.54,40.18,37.74,39.61,39.59
1600552800000.0,37.52,38.19,38.01,38.51,38.9
1600639200000.0,61.1,56.92,61.92,57.68,64.4
1600725600000.0,53.31,55.78,54.09,56.28,55.54
1600812000000.0,46.43,49.3,49.43,49.56,48.76
1600898400000.0,38.18,43.84,45.79,47.04,43.64
1600984800000.0,41.37,42.38,42.24,48.16,41.93
1601071200000.0,33.13,34.77,33.1,33.99,33.27
1601157600000.0,30.03,32.34,30.2,34.53,31.05
1601244000000.0,47.26,52.5,47.26,47.26,47.26
1601330400000.0,58.62,53.7,58.62,54.92,58.82
1601416800000.0,50.25,50.29,50.33,50.81,50.79
1601503200000.0,41.02,45.3,42.55,45.19,44.09
1601589600000.0,35.68,42.45,37.27,43.08,38.5
1601676000000.0,16.46,28.8,20.85,31.81,29.96
1601762400000.0,7.11,15.72,9.35,18.23,17.71
1601848800000.0,32.09,34.45,32.57,35.16,33.73
1601935200000.0,34.45,34.26,34.72,39.02,35.33
1602021600000.0,36.62,38.1,37.13,39.08,38.33
1602108000000.0,29.83,33.89,32.96,38.33,37.22
1602194400000.0,39.97,42.83,40.78,43.63,42.25
1602280800000.0,31.23,33.19,32.39,33.7,33.52
1602367200000.0,32.18,30.1,32.45,33.44,32.76
1602453600000.0,46.9,48.93,47.0,47.19,47.19
1602540000000.0,45.23,48.32,45.38,47.78,46.95
1602626400000.0,35.67,41.56,37.96,53.12,43.3
1602712800000.0,40.94,44.55,41.92,44.41,44.03
1602799200000.0,46.94,47.61,47.05,47.8,47.8
1602885600000.0,40.76,42.29,40.96,41.92,41.92
1602972000000.0,30.56,38.13,34.06,39.24,39.17
1603058400000.0,44.64,45.78,44.81,48.06,44.63
1603144800000.0,35.22,41.67,37.51,47.02,39.27
1603231200000.0,32.61,42.35,35.46,46.29,38.99
1603317600000.0,32.39,45.15,37.49,48.71,44.02
1603404000000.0,44.78,47.54,45.4,48.24,46.68
1603490400000.0,30.58,30.9,33.3,44.78,31.18
1603576800000.0,13.38,23.26,15.23,31.6,17.88
1603666800000.0,38.27,40.66,38.63,43.36,39.65
1603753200000.0,34.61,38.95,35.93,48.68,38.88
1603839600000.0,29.94,36.56,32.84,50.17,38.2
1603926000000.0,32.65,35.74,35.25,45.67,37.18
1604012400000.0,30.19,35.15,31.1,44.62,33.02
1604098800000.0,31.02,31.57,31.22,33.43,31.98
1604185200000.0,16.95,18.81,17.85,31.71,17.34
1604271600000.0,23.4,25.6,28.08,41.68,26.7
1604358000000.0,35.74,37.89,36.37,42.56,36.99
1604444400000.0,40.01,41.11,40.53,43.49,41.63
1604530800000.0,38.66,41.52,38.81,42.84,39.02
1604617200000.0,40.54,41.11,40.51,42.13,40.33
1604703600000.0,36.23,35.31,36.22,38.33,35.21
1604790000000.0,36.66,32.99,36.43,40.1,35.03
1604876400000.0,44.88,43.99,44.8,45.24,44.04
1604962800000.0,48.15,48.05,47.94,49.31,46.13
1605049200000.0,45.06,44.69,44.38,46.99,39.78
1605135600000.0,40.96,40.38,41.44,57.4,40.88
1605222000000.0,40.73,41.64,40.88,50.04,41.16
1605308400000.0,36.48,35.21,36.45,45.08,36.12
1605394800000.0,7.3,19.64,15.03,42.34,13.19
1605481200000.0,28.49,36.11,38.69,51.36,31.29
1605567600000.0,38.89,41.54,41.04,45.89,40.0
1605654000000.0,36.35,41.18,39.93,47.64,39.24
1605740400000.0,26.39,39.76,41.0,46.95,33.66
1605826800000.0,43.26,45.47,43.58,49.59,44.38
1605913200000.0,30.3,39.77,36.7,40.47,38.29
1605999600000.0,29.97,36.5,33.81,39.4,38.05
1606086000000.0,43.63,47.61,49.49,53.21,48.29
1606172400000.0,42.03,47.6,45.53,53.72,46.75
1606258800000.0,46.87,48.22,48.05,54.31,47.46
1606345200000.0,56.55,54.75,57.16,57.06,54.68
1606431600000.0,64.73,63.1,64.31,68.46,60.09
1606518000000.0,46.88,47.0,47.09,54.66,47.69
1606604400000.0,45.28,47.43,45.37,45.43,45.43
1606690800000.0,52.22,59.75,57.37,57.23,54.52
1606777200000.0,53.71,58.13,55.04,58.8,55.57
1606863600000.0,73.99,68.63,74.07,74.46,74.29
1606950000000.0,48.0,55.96,57.32,65.15,53.16
1607036400000.0,41.78,52.58,54.22,59.78,51.15
1607122800000.0,46.39,50.0,48.45,51.48,51.05
1607209200000.0,42.75,48.13,43.91,46.38,46.15
1607295600000.0,44.73,56.52,53.32,56.13,61.7
1607382000000.0,61.08,67.82,63.37,63.63,66.73
1607468400000.0,75.03,81.51,75.29,75.98,76.03
1607554800000.0,69.39,74.47,69.58,70.68,70.23
1607641200000.0,45.8,53.94,49.55,56.77,52.21
1607727600000.0,45.72,50.31,45.84,50.93,46.22
1607814000000.0,43.17,45.01,43.47,43.95,43.93
1607900400000.0,42.99,49.66,50.71,52.36,47.54
1607986800000.0,50.4,55.09,51.8,55.63,52.43
1608073200000.0,50.06,56.02,55.63,64.4,52.1
1608159600000.0,44.58,56.51,62.97,67.51,54.82
1608246000000.0,42.51,55.11,54.56,64.03,48.28
1608332400000.0,32.52,49.75,43.06,53.05,38.58
1608418800000.0,40.0,44.78,43.96,44.47,41.4
1608505200000.0,38.78,50.05,52.2,55.2,45.11
1608591600000.0,27.69,49.85,49.74,52.83,34.55
1608678000000.0,43.9,48.07,46.18,49.47,41.89
1608764400000.0,24.33,35.19,32.64,37.78,29.93
1608850800000.0,34.92,32.06,33.75,31.83,25.74
1608937200000.0,19.15,32.58,29.79,35.36,29.75
1609023600000.0,-13.45,23.21,30.43,34.42,19.58
1609110000000.0,39.21,43.33,40.48,41.98,42.09
1609196400000.0,46.21,48.31,47.85,49.27,49.23
1609282800000.0,47.07,49.69,48.36,51.38,50.27
1609369200000.0,46.7,49.73,47.84,48.97,49.23
1609455600000.0,48.4,48.06,48.4,48.17,48.4
1609542000000.0,50.56,55.35,50.56,50.98,50.56
1609628400000.0,38.62,48.88,40.92,47.49,47.1
1609714800000.0,48.02,60.33,50.57,58.92,59.27
1609801200000.0,55.34,58.72,57.29,60.08,63.85
1609887600000.0,52.68,57.69,56.96,58.07,70.16
1609974000000.0,70.93,70.16,73.25,73.14,82.1
1610060400000.0,78.34,78.17,79.53,80.12,84.85
1610146800000.0,59.32,61.37,59.58,60.65,60.6
1610233200000.0,52.16,57.49,53.38,57.06,56.85
1610319600000.0,48.15,72.36,52.9,67.41,67.69
1610406000000.0,46.1,66.92,58.24,68.16,63.54
1610492400000.0,42.47,68.19,61.08,74.93,73.85
1610578800000.0,70.58,74.91,71.47,81.24,73.33
1610665200000.0,72.89,79.95,72.8,72.72,72.32
1610751600000.0,55.85,57.57,56.26,59.02,57.78
1610838000000.0,54.0,57.45,54.55,58.69,56.66
1610924400000.0,55.95,66.08,67.56,70.33,69.17
1611010800000.0,44.95,64.11,68.61,69.57,60.39
1611097200000.0,36.28,56.96,56.83,63.22,49.13
1611183600000.0,30.07,56.21,59.44,60.79,41.6
1611270000000.0,42.53,56.19,51.43,60.27,49.95
1611356400000.0,51.72,53.0,51.74,53.57,51.81
1611442800000.0,49.17,50.74,49.15,49.2,49.16
1611529200000.0,60.84,64.87,61.08,63.34,61.7
1611615600000.0,61.37,66.38,62.01,65.24,64.12
1611702000000.0,57.99,63.09,58.28,61.25,59.26
1611788400000.0,55.31,56.55,56.04,59.82,55.01
1611874800000.0,49.68,52.62,51.96,54.53,47.71
1611961200000.0,48.48,48.84,48.43,49.72,48.02
1612047600000.0,48.23,46.02,48.19,47.96,47.93
1612134000000.0,57.47,57.88,57.37,60.86,56.81
1612220400000.0,54.62,57.9,54.95,58.96,48.7
1612306800000.0,44.53,54.14,44.23,58.42,41.87
1612393200000.0,52.04,52.85,52.15,55.54,52.26
1612479600000.0,51.39,52.98,51.42,63.94,51.52
1612566000000.0,36.38,48.79,38.13,56.8,38.34
1612652400000.0,19.38,42.32,23.27,37.0,26.03
1612738800000.0,43.52,53.46,45.13,51.35,50.07
1612825200000.0,64.32,64.43,64.54,66.14,65.31
1612911600000.0,72.21,67.26,72.27,72.48,72.48
1612998000000.0,79.3,78.26,79.26,75.05,79.0
1613084400000.0,62.13,68.45,62.38,66.05,63.46
1613170800000.0,53.22,56.01,53.53,57.13,54.65
1613257200000.0,45.89,48.73,46.26,49.38,47.81
1613343600000.0,50.75,56.68,54.2,59.56,52.1
1613430000000.0,52.43,59.11,57.58,61.4,53.68
1613516400000.0,49.66,56.09,52.65,62.62,49.87
1613602800000.0,45.4,53.59,51.63,60.08,48.35
1613689200000.0,47.71,51.56,50.52,61.51,47.54
1613775600000.0,34.05,44.92,38.65,53.65,32.74
1613862000000.0,32.92,34.22,32.81,43.27,32.15
1613948400000.0,49.9,50.62,52.02,55.97,48.51
1614034800000.0,45.58,52.85,46.31,56.98,44.4
1614121200000.0,38.13,50.93,48.41,54.29,35.98
1614207600000.0,46.16,51.6,46.16,58.84,46.16
1614294000000.0,47.63,51.72,48.21,60.27,47.71
1614380400000.0,44.94,48.13,44.82,50.44,44.08
1614466800000.0,42.07,42.9,41.95,42.81,40.76
1614553200000.0,49.76,54.16,50.72,55.2,49.96
1614639600000.0,53.5,55.44,55.54,61.05,54.16
1614726000000.0,51.91,55.75,53.63,62.25,53.02
1614812400000.0,54.08,53.69,54.12,61.52,54.28
1614898800000.0,53.6,54.03,53.44,57.25,52.39
1614985200000.0,44.71,50.04,44.77,54.97,44.94
1615071600000.0,44.82,47.17,45.68,53.23,46.63
1615158000000.0,61.61,60.41,61.63,62.84,61.74
1615244400000.0,60.92,61.9,61.04,63.0,61.2
1615330800000.0,50.82,54.65,56.47,56.23,54.2
1615417200000.0,27.43,53.48,54.19,61.31,39.86
1615503600000.0,22.29,54.88,47.81,60.65,37.36
1615590000000.0,11.93,51.18,41.34,55.96,23.61
1615676400000.0,15.75,34.19,39.26,44.03,24.74
1615762800000.0,49.28,54.34,51.63,55.67,50.11
1615849200000.0,56.01,61.98,56.06,62.38,56.23
1615935600000.0,57.65,62.66,58.16,59.82,56.18
1616022000000.0,64.86,64.08,65.55,71.68,64.26
1616108400000.0,56.45,64.2,62.44,63.53,56.53
1616194800000.0,51.34,57.62,51.37,63.58,51.46
1616281200000.0,35.42,49.9,37.96,55.25,40.45
1616367600000.0,60.48,61.09,60.56,62.31,60.85
1616454000000.0,62.33,63.2,63.32,63.59,63.57
1616540400000.0,55.54,62.25,59.55,62.61,61.41
1616626800000.0,58.85,62.78,63.52,65.51,59.48
1616713200000.0,51.37,62.38,59.26,65.32,53.92
1616799600000.0,24.69,55.7,45.02,57.28,36.38
1616886000000.0,18.25,40.05,41.84,60.53,28.31
1616968800000.0,40.81,58.67,50.69,62.5,46.05
1617055200000.0,55.73,58.81,57.59,62.31,55.41
1617141600000.0,58.72,59.98,58.37,60.79,57.04
1617228000000.0,52.29,54.57,54.92,61.23,52.79
1617314400000.0,36.5,48.47,44.53,56.77,41.35
1617400800000.0,39.56,40.75,39.04,58.65,35.0
1617487200000.0,27.69,33.0,28.09,40.1,29.2
1617573600000.0,-17.0,9.63,7.39,52.07,26.81
1617660000000.0,35.38,58.23,49.46,61.73,58.51
1617746400000.0,50.32,67.82,58.11,67.52,75.26
1617832800000.0,57.58,73.96,61.38,72.72,71.51
1617919200000.0,53.92,68.74,60.56,71.56,72.63
1618005600000.0,58.81,62.11,59.02,59.77,59.63
1618092000000.0,48.69,55.02,50.96,58.54,53.34
1618178400000.0,62.72,74.1,67.53,73.9,72.01
1618264800000.0,57.52,81.65,70.95,79.34,83.62
1618351200000.0,69.49,81.3,76.51,82.69,80.66
1618437600000.0,66.97,82.76,74.94,76.79,74.32
1618524000000.0,63.04,73.74,69.35,74.16,71.42
1618610400000.0,61.2,63.96,63.23,68.08,64.46
1618696800000.0,62.63,62.82,65.36,68.69,64.33
1618783200000.0,75.67,81.75,83.38,82.46,82.16
1618869600000.0,75.77,82.63,81.95,81.17,81.14
1618956000000.0,59.88,75.5,79.47,79.07,78.27
1619042400000.0,45.9,74.56,58.28,73.74,70.11
1619128800000.0,61.73,67.51,65.39,70.75,65.19
1619215200000.0,52.91,54.18,53.23,64.73,53.02
1619301600000.0,37.48,40.65,37.47,67.06,37.45
1619388000000.0,61.92,64.57,64.44,72.64,60.65
1619474400000.0,59.51,69.54,69.78,75.43,66.56
1619560800000.0,61.72,65.21,67.78,73.52,69.43
1619647200000.0,59.44,68.15,68.84,74.02,68.72
1619733600000.0,69.15,71.95,69.88,72.98,73.58
1619820000000.0,56.68,59.87,56.69,57.23,57.01
1619906400000.0,43.81,47.98,43.7,45.81,46.81
1619992800000.0,62.43,61.96,62.9,71.63,66.64
1620079200000.0,30.26,46.56,32.26,73.36,36.99
1620165600000.0,31.81,60.08,44.77,72.29,62.48
1620252000000.0,64.97,72.44,65.59,74.08,73.15
1620338400000.0,71.3,69.97,71.58,76.62,72.43
1620424800000.0,50.74,52.97,49.77,68.12,47.32
1620511200000.0,3.62,2.91,7.34,64.64,6.65
1620597600000.0,57.46,57.65,57.76,67.77,58.36
1620684000000.0,72.17,70.51,72.17,75.62,72.17
1620770400000.0,68.75,68.27,68.75,69.59,68.77
1620856800000.0,62.74,56.32,62.74,73.68,62.74
1620943200000.0,71.8,66.44,71.75,77.53,71.53
1621029600000.0,60.2,63.37,60.11,62.95,57.49
1621116000000.0,39.87,41.92,38.31,46.06,30.13
1621202400000.0,73.7,67.26,73.12,71.03,69.9
1621288800000.0,74.18,73.82,74.18,75.07,74.18
1621375200000.0,77.71,74.95,77.46,78.71,76.88
1621461600000.0,69.99,71.92,69.83,71.75,69.34
1621548000000.0,31.34,46.32,36.22,77.7,28.05
1621634400000.0,-7.04,21.55,16.19,62.32,17.99
1621720800000.0,21.14,25.28,21.52,62.09,23.9
1621807200000.0,31.65,56.13,32.44,72.49,32.81
1621893600000.0,59.78,61.69,59.79,68.44,59.83
1621980000000.0,65.61,69.24,66.28,81.99,69.18
1622066400000.0,71.77,75.42,71.96,82.92,72.52
1622152800000.0,73.6,76.16,73.6,79.05,73.34
1622239200000.0,56.49,60.53,56.49,64.39,56.57
1622325600000.0,37.85,43.33,37.04,59.04,31.77
1622412000000.0,67.46,69.13,67.32,70.62,66.66
1622498400000.0,68.25,68.69,68.25,70.06,68.22
1622584800000.0,66.69,65.91,66.54,66.69,65.97
1622671200000.0,61.96,65.08,63.13,66.89,65.54
1622757600000.0,71.8,72.0,71.8,75.97,71.8
1622844000000.0,62.56,60.29,62.71,68.22,63.23
1622930400000.0,59.44,53.46,59.09,67.06,57.55
1623016800000.0,77.34,75.58,77.34,77.77,77.34
1623103200000.0,76.92,77.1,76.82,77.22,76.18
1623189600000.0,76.74,76.27,76.55,75.83,75.57
1623276000000.0,78.83,77.08,78.74,82.8,78.19
1623362400000.0,78.1,74.4,78.0,81.53,77.52
1623448800000.0,39.18,49.48,40.12,72.95,46.7
1623535200000.0,19.4,29.13,19.59,64.87,26.01
1623621600000.0,74.22,75.83,75.41,75.43,75.07
1623708000000.0,82.61,82.71,82.67,83.72,82.52
1623794400000.0,85.0,83.73,85.11,90.28,86.85
1623880800000.0,77.51,81.16,80.08,89.67,82.24
1623967200000.0,80.12,81.98,80.33,86.18,80.72
1624053600000.0,70.1,72.25,71.03,74.28,73.16
1624140000000.0,58.43,54.04,58.39,76.08,57.89
1624226400000.0,77.63,78.58,77.63,83.98,77.63
1624312800000.0,84.59,81.26,84.47,89.05,83.18
1624399200000.0,92.84,88.6,92.36,101.07,84.34
1624485600000.0,94.83,90.18,94.69,103.19,88.98
1624572000000.0,89.73,86.13,89.54,95.12,86.4
1624658400000.0,79.88,75.67,79.51,83.7,76.44
1624744800000.0,64.96,65.78,66.01,82.28,51.91
1624831200000.0,88.73,84.0,88.79,97.36,87.84
1624917600000.0,91.65,91.7,91.64,111.23,90.07
1625004000000.0,92.38,89.18,92.27,102.43,90.24
1625090400000.0,89.39,88.27,89.36,97.32,87.79
1625176800000.0,96.58,96.32,97.04,109.97,96.46
1625263200000.0,83.6,84.22,84.85,106.28,83.79
1625349600000.0,82.96,81.63,82.64,92.25,79.36
1625436000000.0,93.84,93.12,93.68,96.69,92.64
1625522400000.0,80.68,85.8,87.02,103.24,80.95
1625608800000.0,99.11,97.53,100.76,111.41,98.1
1625695200000.0,109.04,96.29,109.46,109.85,93.9
1625781600000.0,91.42,88.47,91.3,93.57,90.69
1625868000000.0,80.45,79.01,81.3,88.08,81.6
1625954400000.0,77.74,77.96,77.74,82.63,77.74
1626040800000.0,93.45,91.25,93.49,101.87,93.33
1626127200000.0,95.02,92.48,95.01,106.62,94.2
1626213600000.0,87.39,84.73,88.61,99.26,70.23
1626300000000.0,89.74,87.01,88.94,96.12,74.08
1626386400000.0,84.96,84.89,85.08,98.27,83.48
1626472800000.0,61.69,64.68,65.79,89.68,63.38
1626559200000.0,45.78,45.59,45.84,79.84,45.91
1626645600000.0,89.21,85.8,89.48,95.43,89.37
1626732000000.0,91.69,91.56,91.78,108.62,91.18
1626818400000.0,89.99,92.66,92.35,100.65,91.01
1626904800000.0,87.56,89.54,88.36,100.05,88.19
1626991200000.0,88.8,85.61,88.91,107.82,87.76
1627077600000.0,75.76,75.52,75.91,98.05,76.16
1627164000000.0,60.71,62.53,61.02,84.61,61.39
1627250400000.0,88.5,87.5,88.33,104.48,86.61
1627336800000.0,87.22,83.89,87.07,111.97,84.39
1627423200000.0,79.42,77.58,85.09,113.68,66.99
1627509600000.0,46.1,60.81,69.59,112.13,48.66
1627596000000.0,64.81,64.64,70.65,106.71,42.67
1627682400000.0,29.82,32.84,47.69,105.7,27.45
1627768800000.0,58.54,60.07,57.79,75.6,50.15
1627855200000.0,80.1,73.43,80.16,101.14,80.73
1627941600000.0,96.51,89.38,96.07,108.24,90.6
1628028000000.0,98.17,92.49,97.75,110.67,91.63
1628114400000.0,94.51,87.54,93.92,103.82,86.2
1628200800000.0,71.6,73.63,67.41,104.9,18.8
1628287200000.0,61.51,63.31,59.17,77.22,43.15
1628373600000.0,5.63,5.93,4.9,79.86,0.28
1628460000000.0,67.59,67.75,67.5,85.31,66.58
1628546400000.0,90.77,88.13,90.39,105.69,86.27
1628632800000.0,100.76,98.75,100.63,111.69,99.17
1628719200000.0,106.54,101.03,106.48,113.31,104.94
1628805600000.0,94.9,93.41,94.84,116.19,93.66
1628892000000.0,63.37,69.09,70.53,108.62,70.07
1628978400000.0,61.94,57.63,61.91,111.72,51.78
1629064800000.0,67.6,67.81,71.86,115.5,47.4
1629151200000.0,57.39,63.16,58.46,113.3,66.76
1629237600000.0,78.64,80.99,78.52,110.67,80.13
1629324000000.0,91.62,93.43,91.66,109.08,94.47
1629410400000.0,102.18,99.87,102.08,104.47,101.05
1629496800000.0,91.46,88.99,91.46,97.09,91.46
1629583200000.0,78.05,76.94,78.08,94.82,75.79
1629669600000.0,93.88,96.94,93.8,107.76,90.89
1629756000000.0,95.4,97.72,93.96,114.09,78.99
1629842400000.0,84.31,91.38,86.17,104.71,86.29
1629928800000.0,92.62,94.05,92.63,126.45,93.2
1630015200000.0,95.91,96.67,95.91,112.12,96.03
1630101600000.0,84.72,87.07,86.21,108.05,74.02
1630188000000.0,80.74,86.75,81.06,97.89,70.88
1630274400000.0,106.57,101.95,106.56,123.56,106.86
1630360800000.0,110.05,113.61,109.76,125.63,108.17
1630447200000.0,111.86,115.15,111.28,126.13,104.34
1630533600000.0,118.19,118.76,117.48,138.77,107.19
1630620000000.0,110.53,110.3,110.75,145.06,110.12
1630706400000.0,106.88,105.71,106.63,135.65,107.35
1630792800000.0,97.63,103.29,97.34,112.13,98.96
1630879200000.0,127.82,125.28,128.33,131.87,123.98
1630965600000.0,127.98,126.3,128.13,137.89,123.69
1631052000000.0,124.78,125.22,125.26,138.4,122.39
1631138400000.0,130.23,133.3,132.7,146.14,131.76
1631224800000.0,138.29,137.56,138.25,145.2,137.24
1631311200000.0,129.02,125.59,129.28,139.11,129.15
1631397600000.0,105.22,112.26,107.26,133.27,109.56
1631484000000.0,141.32,140.87,143.26,146.9,139.41
1631570400000.0,143.24,150.06,146.73,152.52,145.52
1631656800000.0,168.21,162.38,168.22,174.73,166.83
1631743200000.0,158.94,172.27,166.52,183.58,169.36
1631829600000.0,156.96,161.73,157.33,167.77,157.85
1631916000000.0,133.76,143.8,137.69,156.55,139.67
1632002400000.0,94.1,123.83,96.33,157.83,98.59
1632088800000.0,150.7,149.85,151.35,159.64,153.25
1632175200000.0,149.89,154.1,149.84,175.83,147.66
1632261600000.0,145.98,148.17,147.71,181.82,149.74
1632348000000.0,73.16,136.33,132.63,171.59,143.81
1632434400000.0,108.98,141.57,127.38,191.36,147.58
1632520800000.0,127.59,144.48,135.74,164.55,146.38
1632607200000.0,125.72,130.0,125.72,163.76,125.72
1632693600000.0,143.22,150.03,152.95,174.88,146.21
1632780000000.0,155.09,166.07,159.08,180.24,159.82
1632866400000.0,133.31,160.9,149.42,219.21,150.58
1632952800000.0,112.57,166.03,159.03,207.17,165.57
1633039200000.0,100.33,171.3,140.75,207.92,141.81
1633125600000.0,104.06,145.9,109.89,227.13,101.61
1633212000000.0,40.96,111.09,44.44,191.6,64.53
1633298400000.0,158.12,165.35,169.28,213.24,156.36
1633384800000.0,159.73,161.98,160.56,208.22,159.8
1633471200000.0,184.12,186.98,185.15,245.25,182.15
1633557600000.0,302.53,291.39,301.69,308.98,298.32
1633644000000.0,203.89,210.67,203.89,229.07,203.56
1633730400000.0,139.49,175.16,165.35,199.73,182.83
1633816800000.0,144.34,156.63,157.85,168.73,149.24
1633903200000.0,167.84,193.46,181.5,206.83,183.0
1633989600000.0,167.43,208.66,185.99,219.49,188.47
1634076000000.0,188.24,203.75,190.72,216.21,194.28
1634162400000.0,167.81,203.95,190.43,220.05,199.52
1634248800000.0,116.65,212.38,182.41,219.26,214.12
1634335200000.0,156.78,188.78,182.14,217.12,189.76
1634421600000.0,142.16,173.77,161.87,191.85,165.97
1634508000000.0,189.72,220.32,201.19,247.07,198.34
1634594400000.0,153.46,224.91,176.84,252.33,164.07
1634680800000.0,60.11,224.48,151.35,234.51,101.08
1634767200000.0,61.5,221.43,159.31,221.75,151.9
1634853600000.0,71.87,226.6,191.34,235.0,209.65
1634940000000.0,139.38,218.74,160.69,219.75,208.7
1635026400000.0,99.41,185.11,144.05,189.63,168.54
1635112800000.0,173.65,222.33,198.42,211.6,206.44
1635199200000.0,178.02,228.38,202.35,240.43,215.68
1635285600000.0,143.84,228.37,213.56,224.02,204.45
1635372000000.0,153.54,219.19,197.02,212.34,193.46
1635458400000.0,112.97,206.89,159.77,220.46,152.56
1635544800000.0,84.15,190.34,112.72,186.62,120.49
1635631200000.0,61.45,169.3,83.18,190.44,79.0
1635721200000.0,95.49,177.95,111.37,161.31,92.37
1635807600000.0,204.11,201.69,204.08,205.18,203.95
1635894000000.0,193.14,210.63,192.76,199.76,186.06
1635980400000.0,172.11,192.96,176.64,191.28,178.85
1636066800000.0,160.09,200.09,178.08,208.95,188.25
1636153200000.0,76.76,186.19,151.22,174.42,164.51
1636239600000.0,35.41,173.54,152.54,195.48,136.93
1636326000000.0,177.41,207.18,196.4,217.42,210.23
1636412400000.0,163.14,214.58,193.1,211.3,190.22
1636498800000.0,176.26,216.0,176.42,233.11,232.4
1636585200000.0,190.43,191.81,196.41,199.01,187.89
1636671600000.0,166.9,191.23,197.1,201.07,186.37
1636758000000.0,156.9,192.53,170.57,183.25,170.01
1636844400000.0,169.3,179.49,174.34,176.15,172.05
1636930800000.0,227.96,217.17,227.98,227.91,228.06
1637017200000.0,237.47,231.95,237.89,237.74,236.96
1637103600000.0,180.6,236.0,215.17,245.35,214.24
1637190000000.0,139.9,252.19,211.04,247.47,238.29
1637276400000.0,131.63,242.02,217.96,243.49,243.74
1637362800000.0,110.22,230.01,188.4,228.81,231.13
1637449200000.0,144.84,216.9,206.45,221.95,226.67
1637535600000.0,233.17,253.0,254.84,258.64,251.84
1637622000000.0,241.87,273.79,266.39,270.69,270.21
1637708400000.0,273.89,308.99,282.69,289.61,295.82
1637794800000.0,243.35,297.51,268.23,294.46,302.14
1637881200000.0,188.38,276.53,236.52,266.42,275.16
1637967600000.0,202.9,235.42,210.39,223.22,220.09
1638054000000.0,201.17,219.15,201.96,204.21,204.21
1638140400000.0,265.96,301.29,273.92,297.81,301.12
1638226800000.0,123.84,278.96,215.09,276.67,271.99
1638313200000.0,91.0,267.55,243.94,285.26,280.1
1638399600000.0,195.04,296.28,257.32,284.59,277.77
1638486000000.0,149.97,300.48,232.54,298.87,299.22
1638572400000.0,196.26,237.15,205.36,223.9,222.17
1638658800000.0,157.71,217.55,200.88,222.33,221.0
1638745200000.0,265.39,296.21,272.44,282.43,282.52
1638831600000.0,216.19,265.52,243.37,261.22,258.65
1638918000000.0,184.06,246.29,221.44,247.58,247.42
1639004400000.0,277.88,283.49,281.83,288.68,287.5
1639090800000.0,239.78,270.25,244.25,258.99,247.19
1639177200000.0,237.35,245.75,240.79,248.91,249.47
1639263600000.0,183.12,243.35,203.99,242.98,250.85
1639350000000.0,264.66,284.27,282.14,301.23,300.69
1639436400000.0,295.82,327.85,311.32,323.65,329.27
1639522800000.0,295.2,327.98,311.91,349.32,346.28
1639609200000.0,344.3,368.21,347.69,353.09,353.09
1639695600000.0,338.14,360.01,339.3,341.24,341.24
1639782000000.0,259.51,304.93,278.55,314.5,315.8
1639868400000.0,119.67,344.03,225.82,337.87,343.16
1639954800000.0,331.37,396.47,344.85,376.65,382.08
1640041200000.0,431.97,419.06,434.34,426.68,442.88
1640127600000.0,416.72,435.51,427.09,447.26,452.94
1640214000000.0,300.73,403.19,351.48,417.0,416.44
1640300400000.0,196.21,363.56,230.01,316.28,319.53
1640386800000.0,198.29,210.0,202.09,219.02,218.11
1640473200000.0,172.46,193.41,175.67,209.88,185.37
1640559600000.0,148.83,199.95,153.19,243.63,161.08
1640646000000.0,104.23,186.13,130.76,196.4,101.64
1640732400000.0,155.6,165.65,155.6,218.85,155.6
1640818800000.0,73.26,143.11,117.51,186.65,105.74
1640905200000.0,12.13,147.88,86.96,167.53,120.02
1640991600000.0,82.58,92.28,84.08,150.69,87.08
1641078000000.0,47.35,72.68,55.83,166.91,49.12
1641164400000.0,76.11,155.74,84.13,192.66,92.12
1641250800000.0,153.92,170.8,154.55,165.73,156.3
1641337200000.0,107.87,178.21,132.3,192.54,185.56
1641423600000.0,194.1,220.54,201.62,225.75,225.77
1641510000000.0,167.18,227.71,180.94,233.52,215.92
1641596400000.0,165.9,221.48,177.54,234.47,176.56
1641682800000.0,146.56,211.13,172.64,213.28,150.28
1641769200000.0,261.55,267.18,261.47,261.38,261.25
1641855600000.0,255.41,259.49,254.75,253.93,253.96
1641942000000.0,233.32,249.98,234.34,236.95,237.2
1642028400000.0,180.16,233.82,196.67,225.25,223.7
1642114800000.0,178.76,224.95,199.62,232.83,233.58
1642201200000.0,216.0,229.69,216.98,220.88,220.5
1642287600000.0,133.1,207.85,188.06,213.05,212.55
1642374000000.0,129.31,252.39,184.39,246.97,261.13
1642460400000.0,235.87,241.81,237.56,244.82,244.82
1642546800000.0,172.18,228.19,203.93,237.33,236.03
1642633200000.0,117.7,226.73,179.9,228.02,228.02
1642719600000.0,159.27,218.61,177.04,217.45,216.69
1642806000000.0,175.76,201.19,190.76,204.63,202.74
1642892400000.0,193.69,199.4,194.41,197.38,196.97
1642978800000.0,245.94,245.32,246.19,246.48,247.0
1643065200000.0,297.29,270.31,296.85,295.11,295.11
1643151600000.0,234.98,270.25,246.75,275.45,275.45
1643238000000.0,120.71,274.18,193.02,265.25,262.15
1643324400000.0,174.35,251.09,205.07,260.8,250.65
1643410800000.0,92.13,228.03,161.19,242.04,218.9
1643497200000.0,55.3,230.0,141.42,218.72,223.55
1643583600000.0,195.2,239.14,205.35,232.89,213.48
1643670000000.0,150.25,227.36,207.44,244.87,213.76
1643756400000.0,140.22,234.29,193.21,215.78,205.81
1643842800000.0,193.56,215.6,197.93,213.81,205.97
1643929200000.0,132.37,210.91,193.7,232.72,192.81
1644015600000.0,88.89,196.07,153.73,225.21,193.28
1644102000000.0,52.78,200.6,135.12,205.62,136.96
1644188400000.0,84.68,203.75,183.26,208.46,205.5
1644274800000.0,137.81,213.04,157.99,206.49,202.53
1644361200000.0,165.89,219.76,186.77,220.58,209.29
1644447600000.0,192.82,212.16,196.0,213.88,204.92
1644534000000.0,184.58,212.47,192.83,221.08,206.96
1644620400000.0,143.05,195.18,160.44,191.49,190.93
1644706800000.0,83.58,181.91,134.64,197.22,150.26
1644793200000.0,102.22,207.95,178.0,211.41,187.27
1644879600000.0,155.0,210.4,195.76,211.41,193.44
1644966000000.0,117.38,200.8,183.09,221.78,152.46
1645052400000.0,68.64,190.13,140.54,182.74,132.7
1645138800000.0,117.63,184.15,134.35,200.98,158.69
1645225200000.0,39.62,181.77,100.11,178.97,115.95
1645311600000.0,67.28,182.96,96.96,182.49,94.34
1645398000000.0,75.42,192.03,115.74,187.99,153.67
1645484400000.0,123.24,181.93,137.63,186.61,175.0
1645570800000.0,130.09,194.61,147.91,194.44,189.38
1645657200000.0,123.39,211.73,140.92,218.27,187.14
1645743600000.0,119.96,265.67,166.4,284.29,245.43
1645830000000.0,225.43,249.36,229.24,250.21,243.4
1645916400000.0,182.41,208.54,191.58,202.54,196.55
1646002800000.0,208.3,256.31,246.53,255.68,250.95
1646089200000.0,241.4,287.53,251.94,274.32,270.02
1646175600000.0,278.78,275.64,278.64,279.57,274.02
1646262000000.0,338.2,327.0,340.0,362.74,346.67
1646348400000.0,358.78,388.05,367.45,383.3,363.7
1646434800000.0,344.4,362.67,350.3,363.65,355.04
1646521200000.0,340.8,362.12,366.74,379.33,364.42
1646607600000.0,410.1,424.22,426.36,456.06,421.05
1646694000000.0,487.57,574.54,555.45,594.83,540.66
1646780400000.0,446.25,539.73,474.03,484.75,462.3
1646866800000.0,279.15,386.44,365.05,393.67,367.23
1646953200000.0,80.44,353.24,299.02,371.49,278.65
1647039600000.0,124.25,268.3,230.53,281.11,263.96
1647126000000.0,115.1,281.44,221.02,307.09,250.32
1647212400000.0,281.44,310.41,289.11,323.39,301.27
1647298800000.0,300.54,301.54,301.84,304.19,295.77
1647385200000.0,245.3,286.6,270.56,282.16,278.33
1647471600000.0,225.41,268.37,246.85,264.55,260.26
1647558000000.0,228.9,246.92,235.48,248.3,233.83
1647644400000.0,130.95,234.41,189.74,253.9,208.45
1647730800000.0,49.04,236.4,108.92,228.22,219.68
1647817200000.0,205.75,249.38,223.08,247.48,243.59
1647903600000.0,236.49,249.52,238.0,244.17,239.93
1647990000000.0,236.53,241.65,238.38,242.0,242.44
1648076400000.0,238.0,246.42,240.54,248.04,248.21
1648162800000.0,244.38,265.78,252.17,279.71,272.79
1648249200000.0,189.55,233.4,217.76,235.29,231.23
1648335600000.0,200.59,196.92,202.04,206.83,207.57
1648418400000.0,221.57,247.2,229.91,254.04,250.66
1648504800000.0,250.18,253.57,252.32,254.62,260.19
1648591200000.0,271.03,283.13,275.69,303.6,301.26
1648677600000.0,209.19,300.42,227.57,300.69,294.2
1648764000000.0,160.13,327.93,190.47,317.57,317.5
1648850400000.0,166.4,312.02,196.1,304.32,302.92
1648936800000.0,172.89,311.9,197.26,284.05,292.65
1649023200000.0,75.33,349.39,209.58,348.92,551.43
1649109600000.0,183.02,310.21,217.32,305.39,308.3
1649196000000.0,121.33,274.99,168.38,284.72,274.35
1649282400000.0,74.15,227.9,140.18,244.63,219.54
1649368800000.0,120.87,243.9,152.49,281.58,248.11
1649455200000.0,59.83,241.69,116.54,239.65,241.63
1649541600000.0,74.65,201.34,92.03,215.1,217.91
1649628000000.0,223.62,243.39,225.19,238.2,229.05
1649714400000.0,184.59,238.9,203.39,268.41,239.96
1649800800000.0,222.52,243.71,226.72,246.03,238.08
1649887200000.0,227.71,230.17,227.76,243.69,227.92
1649973600000.0,192.96,194.07,194.02,245.98,199.74
1650060000000.0,149.22,151.03,149.82,194.14,152.01
1650146400000.0,108.82,119.06,109.49,172.32,112.23
1650232800000.0,120.23,119.77,120.62,185.64,123.55
1650319200000.0,213.0,208.14,221.76,233.78,217.8
1650405600000.0,203.25,209.67,207.58,238.48,206.02
1650492000000.0,199.5,197.31,201.58,244.97,202.56
1650578400000.0,172.49,191.96,203.6,232.41,200.52
1650664800000.0,93.31,157.59,142.42,258.4,172.36
1650751200000.0,108.54,152.67,125.42,213.59,149.01
1650837600000.0,223.46,217.53,223.38,263.1,222.83
1650924000000.0,238.47,244.78,241.34,251.92,243.57
1651010400000.0,222.21,229.79,222.21,239.52,222.02
1651096800000.0,230.15,245.98,230.16,243.49,230.2
1651183200000.0,228.02,225.57,228.06,244.74,228.17
1651269600000.0,201.27,202.28,201.83,210.71,200.93
1651356000000.0,194.74,187.81,194.74,208.75,194.74
1651442400000.0,219.02,229.35,219.05,226.87,218.95
1651528800000.0,218.16,218.54,218.25,256.21,218.21
1651615200000.0,231.29,227.15,232.18,246.48,234.59
1651701600000.0,234.49,236.12,235.18,269.26,234.28
1651788000000.0,225.36,228.68,225.36,277.9,225.36
1651874400000.0,201.43,197.54,201.43,210.85,201.43
1651960800000.0,171.82,174.0,172.93,200.21,175.0
1652047200000.0,216.81,220.82,217.68,249.7,219.25
1652133600000.0,183.32,213.06,201.16,230.31,207.13
1652220000000.0,159.09,197.52,189.69,236.65,191.42
1652306400000.0,169.12,202.14,177.32,223.08,196.25
1652392800000.0,168.79,208.54,194.82,248.4,203.91
1652479200000.0,152.97,182.94,166.89,212.04,183.59
1652565600000.0,149.03,151.14,148.91,215.09,147.72
1652652000000.0,211.58,200.67,214.87,237.89,218.9
1652738400000.0,225.75,227.85,226.31,236.82,229.81
1652824800000.0,206.97,207.35,207.41,230.88,213.33
1652911200000.0,210.81,211.34,210.85,248.03,213.88
1652997600000.0,209.23,206.77,208.7,246.86,207.39
1653084000000.0,103.36,173.7,119.23,213.11,177.81
1653170400000.0,166.03,170.64,166.06,192.47,166.19
1653256800000.0,188.14,185.92,188.43,221.41,191.04
1653343200000.0,162.94,177.8,172.86,229.67,183.18
1653429600000.0,177.5,182.98,179.89,215.46,191.13
1653516000000.0,67.93,159.11,92.06,222.66,166.02
1653602400000.0,46.77,168.63,72.24,244.5,162.85
1653688800000.0,36.85,155.78,71.55,202.23,151.16
1653775200000.0,156.34,162.05,156.79,187.86,158.82
1653861600000.0,225.99,221.22,225.99,227.64,225.99
1653948000000.0,210.17,221.9,210.35,234.54,211.04
1654034400000.0,215.29,215.72,218.11,241.57,216.85
1654120800000.0,188.87,197.98,194.26,213.5,193.49
1654207200000.0,184.55,195.49,186.22,267.15,198.71
1654293600000.0,162.49,175.09,171.37,209.74,174.01
1654380000000.0,141.58,171.92,143.59,202.34,153.65
1654466400000.0,91.33,171.6,112.62,249.95,153.33
1654552800000.0,183.88,197.74,184.61,231.74,188.1
1654639200000.0,190.35,192.04,191.13,196.91,191.83
1654725600000.0,185.49,185.9,188.88,214.77,185.19
1654812000000.0,185.75,194.99,185.58,203.56,194.05
1654898400000.0,134.7,173.89,138.74,189.33,182.38
1654984800000.0,116.96,166.43,119.01,165.6,148.63
1655071200000.0,165.56,205.13,174.89,210.94,203.38
1655157600000.0,194.98,215.66,200.48,218.65,211.44
1655244000000.0,211.83,220.65,214.55,250.25,233.26
1655330400000.0,201.97,247.33,204.8,277.23,272.85
1655416800000.0,255.43,311.28,256.46,328.53,303.54
1655503200000.0,195.4,288.55,213.43,294.79,280.15
1655589600000.0,154.65,265.89,154.89,256.38,165.43
1655676000000.0,267.37,299.46,287.05,315.56,303.95
1655762400000.0,288.59,331.2,314.63,360.94,354.03
1655848800000.0,323.34,376.6,343.94,385.3,383.14
1655935200000.0,295.08,360.73,312.96,365.78,352.56
1656021600000.0,274.3,323.2,282.17,318.44,302.6
1656108000000.0,240.39,286.02,250.26,305.15,258.43
1656194400000.0,201.67,278.71,226.45,286.15,249.06
1656280800000.0,316.65,329.13,333.35,347.72,334.25
1656367200000.0,331.52,364.88,362.16,386.46,366.4
1656453600000.0,315.54,344.84,334.59,336.93,335.24
1656540000000.0,325.48,357.36,347.63,365.42,362.06
1656626400000.0,314.38,345.76,334.18,370.68,343.16
1656712800000.0,218.92,296.9,255.68,355.8,265.62
1656799200000.0,200.11,229.77,225.02,372.74,215.88
1656885600000.0,293.89,344.97,344.1,392.88,369.46
1656972000000.0,318.37,370.82,353.74,419.87,371.6
1657058400000.0,303.54,376.58,347.33,428.9,388.69
1657144800000.0,213.22,357.13,310.71,412.9,381.79
1657231200000.0,295.92,395.98,303.83,425.24,410.95
1657317600000.0,148.14,383.9,174.24,377.67,332.92
1657404000000.0,115.16,315.6,124.93,323.98,224.43
1657490400000.0,372.59,399.33,376.94,415.94,384.1
1657576800000.0,377.66,414.6,396.77,440.17,432.43
1657663200000.0,352.16,413.62,377.99,451.52,446.95
1657749600000.0,367.38,388.74,391.15,447.58,386.72
1657836000000.0,329.92,397.81,384.28,438.76,397.49
1657922400000.0,174.81,346.32,294.52,425.15,320.3
1658008800000.0,221.86,239.38,242.26,362.34,239.88
1658095200000.0,396.07,419.04,449.06,493.22,486.0
1658181600000.0,397.09,428.1,444.49,527.09,521.3
1658268000000.0,332.7,444.55,419.4,585.94,589.22
1658354400000.0,396.73,434.93,451.62,595.27,555.36
1658440800000.0,377.45,413.19,436.81,557.28,494.03
1658527200000.0,324.99,347.91,364.86,458.19,348.32
1658613600000.0,260.63,322.64,333.36,362.65,334.13
1658700000000.0,309.81,396.49,385.55,552.13,373.05
1658786400000.0,316.57,436.31,443.04,555.32,532.25
1658872800000.0,424.49,468.38,465.78,534.7,529.62
1658959200000.0,473.25,520.97,497.53,567.53,534.68
1659045600000.0,438.65,483.87,477.14,519.87,499.49
1659132000000.0,380.77,395.71,407.76,436.27,397.53
1659218400000.0,317.79,345.93,316.95,385.71,319.51
1659304800000.0,424.62,450.18,431.65,464.81,454.78
1659391200000.0,380.51,449.75,452.83,483.79,471.64
1659477600000.0,384.83,454.66,427.55,517.15,508.48
1659564000000.0,414.16,445.07,427.77,539.78,482.37
1659650400000.0,380.31,413.69,413.31,532.91,411.33
1659736800000.0,273.81,303.66,306.61,535.49,282.4
1659823200000.0,214.92,255.1,216.84,459.71,215.59
1659909600000.0,359.55,347.28,376.97,477.1,359.18
1659996000000.0,344.87,361.4,355.93,474.39,347.71
1660082400000.0,335.08,342.09,342.35,432.58,336.05
1660168800000.0,368.15,352.82,380.99,486.41,376.23
1660255200000.0,436.8,413.1,444.47,485.32,444.91
1660341600000.0,377.74,397.68,412.89,447.33,396.94
1660428000000.0,330.46,349.15,381.89,402.82,365.85
1660514400000.0,426.6,413.17,426.93,463.69,424.64
1660600800000.0,490.79,496.07,490.79,503.87,500.82
1660687200000.0,551.95,545.84,555.13,538.44,552.85
1660773600000.0,563.76,556.14,562.54,549.19,553.62
1660860000000.0,515.1,527.11,516.9,513.93,509.84
1660946400000.0,457.97,464.88,470.44,515.25,463.23
1661032800000.0,364.13,410.4,405.38,456.09,398.2
1661119200000.0,563.81,559.56,564.66,571.33,571.34
1661205600000.0,605.13,624.52,615.75,610.83,611.85
1661292000000.0,624.34,625.09,635.52,642.25,645.54
1661378400000.0,599.83,624.36,628.56,628.99,630.62
1661464800000.0,699.44,688.63,707.23,724.65,706.32
1661551200000.0,607.84,569.25,647.86,714.64,626.79
1661637600000.0,401.03,586.75,545.94,672.66,488.78
1661724000000.0,658.41,684.54,764.17,751.29,733.64
1661810400000.0,660.24,724.87,725.98,740.73,743.84
1661896800000.0,604.49,682.47,673.28,638.11,651.77
1661983200000.0,571.2,628.36,620.19,676.1,635.63
1662069600000.0,422.25,530.26,498.05,534.68,516.69
1662156000000.0,287.75,427.37,383.15,475.52,416.62
1662242400000.0,242.71,360.34,303.22,395.55,322.73
1662328800000.0,357.45,480.01,446.36,464.64,435.82
1662415200000.0,417.27,553.89,516.45,551.45,523.99
1662501600000.0,462.47,493.15,476.99,483.38,468.96
1662588000000.0,443.52,422.23,461.02,504.86,453.38
1662674400000.0,345.7,372.55,362.6,445.64,347.52
1662760800000.0,404.32,369.25,404.32,425.42,404.32
1662847200000.0,391.49,367.31,391.49,405.2,390.94
1662933600000.0,408.03,426.09,419.82,451.57,416.88
1663020000000.0,392.37,420.84,421.18,457.52,444.21
1663106400000.0,455.81,452.85,455.47,468.81,461.38
1663192800000.0,369.37,452.17,397.7,450.41,436.55
1663279200000.0,201.2,423.13,365.48,485.56,399.0
1663365600000.0,68.77,291.7,294.04,373.71,225.86
1663452000000.0,77.93,233.87,175.92,304.22,199.95
1663538400000.0,261.68,317.65,284.16,371.29,315.65
1663624800000.0,363.43,382.78,364.98,393.98,377.66
1663711200000.0,379.94,389.19,380.96,398.03,381.03
1663797600000.0,387.89,406.19,399.17,417.71,408.96
1663884000000.0,368.33,377.85,362.04,428.21,399.15
1663970400000.0,351.11,369.64,344.43,376.12,353.21
1664056800000.0,276.5,299.28,277.48,323.94,272.84
1664143200000.0,245.92,331.93,315.96,347.98,277.29
1664229600000.0,310.21,340.97,312.91,413.35,350.21
1664316000000.0,386.2,420.31,385.71,392.86,392.86
1664402400000.0,417.14,431.27,421.77,464.85,464.85
1664488800000.0,315.49,370.06,349.22,398.99,346.97
1664575200000.0,82.82,242.6,189.1,252.67,123.46
1664661600000.0,114.75,219.75,131.23,208.98,196.27
1664748000000.0,209.35,282.8,219.41,354.8,287.71
1664834400000.0,246.31,298.47,277.37,353.3,296.6
1664920800000.0,103.19,215.17,189.92,292.74,221.83
1665007200000.0,100.8,235.35,202.34,254.39,255.95
1665093600000.0,163.89,267.96,186.93,273.2,271.94
1665180000000.0,145.34,240.81,187.9,293.61,215.21
1665266400000.0,146.72,176.71,160.04,208.26,168.46
1665352800000.0,162.09,221.56,194.31,283.28,208.06
1665439200000.0,259.87,251.74,265.48,284.81,269.77
1665525600000.0,282.54,283.1,282.35,290.96,287.45
1665612000000.0,257.46,252.47,259.55,273.93,259.9
1665698400000.0,260.65,258.05,261.03,267.06,260.47
1665784800000.0,156.63,168.27,175.54,214.5,159.17
1665871200000.0,95.86,123.72,132.53,184.48,125.32
1665957600000.0,152.61,182.17,170.53,218.16,174.3
1666044000000.0,183.18,196.24,195.46,217.83,191.12
1666130400000.0,168.45,164.05,168.08,176.32,159.01
1666216800000.0,140.22,150.52,161.97,201.94,142.56
1666303200000.0,163.45,168.83,169.08,198.37,158.13
1666389600000.0,139.87,136.07,145.83,145.55,129.81
1666476000000.0,95.75,97.41,103.21,106.02,87.37
1666562400000.0,80.62,91.9,135.81,140.18,87.51
1666648800000.0,105.4,101.43,123.97,131.57,110.06
1666735200000.0,121.4,123.76,128.33,128.43,110.87
1666821600000.0,124.69,115.89,129.48,161.06,121.67
1666908000000.0,105.52,108.85,117.31,134.51,108.53
1666994400000.0,101.06,99.78,103.25,100.1,98.56
1667080800000.0,116.54,96.6,116.64,112.12,116.62
1667170800000.0,145.22,138.86,146.58,145.11,144.24
1667257200000.0,68.86,138.16,118.36,108.73,90.42
1667343600000.0,71.97,121.26,145.06,122.98,117.11
1667430000000.0,103.01,129.75,140.7,133.67,121.39
1667516400000.0,178.54,186.07,178.04,192.99,186.16
1667602800000.0,132.29,144.93,138.38,142.07,141.1
1667689200000.0,51.09,119.45,129.06,128.34,107.69
1667775600000.0,76.1,158.03,116.86,186.43,124.89
1667862000000.0,95.15,159.87,156.78,163.86,113.98
1667948400000.0,126.72,178.86,186.0,209.82,138.9
1668034800000.0,137.25,192.18,205.16,261.6,157.32
1668121200000.0,125.38,192.51,207.36,212.85,138.47
1668207600000.0,162.25,185.29,179.78,180.27,153.22
1668294000000.0,144.88,170.27,168.91,169.75,148.26
1668380400000.0,160.8,205.69,204.09,213.86,195.2
1668466800000.0,177.29,225.28,237.98,252.95,184.31
1668553200000.0,143.76,249.74,248.32,260.75,175.17
1668639600000.0,99.9,248.29,254.63,256.54,159.19
1668726000000.0,171.03,244.84,243.07,262.7,239.34
1668812400000.0,198.62,238.14,208.08,222.05,211.79
1668898800000.0,210.28,212.69,209.57,212.52,211.08
1668985200000.0,253.82,261.18,252.71,252.21,244.99
1669071600000.0,203.88,255.28,216.74,251.89,209.91
1669158000000.0,177.98,241.9,222.12,250.18,186.85
1669244400000.0,237.46,276.56,257.42,307.67,237.15
1669330800000.0,257.93,300.12,269.48,290.93,261.02
1669417200000.0,239.17,251.02,239.43,260.84,240.18
1669503600000.0,146.65,212.65,171.23,214.75,172.89
1669590000000.0,291.64,308.63,302.06,333.11,318.85
1669676400000.0,371.64,371.01,371.73,374.43,373.24
1669762800000.0,393.7,393.43,395.63,396.44,396.44
1669849200000.0,394.35,399.07,393.13,391.16,390.99
1669935600000.0,339.2,395.33,379.77,385.19,384.86
1670022000000.0,281.92,313.57,295.39,312.51,307.83
1670108400000.0,268.5,307.81,276.15,307.19,307.19
1670194800000.0,341.26,381.25,343.79,370.84,373.2
1670281200000.0,386.44,407.36,390.25,409.63,418.44
1670367600000.0,324.83,406.69,365.82,386.29,429.58
1670454000000.0,387.53,400.55,389.68,367.57,417.36
1670540400000.0,411.04,420.3,415.38,422.82,448.18
1670626800000.0,354.64,371.78,352.31,369.67,370.2
1670713200000.0,326.77,360.53,314.97,330.32,333.04
1670799600000.0,433.93,453.51,423.59,435.93,465.49
1670886000000.0,444.48,428.61,447.33,452.43,463.46
1670972400000.0,443.88,440.75,445.58,450.33,451.45
1671058800000.0,396.96,417.56,399.84,399.22,404.2
1671145200000.0,411.31,426.08,410.43,410.65,410.65
1671231600000.0,268.97,299.74,271.51,284.46,281.63
1671318000000.0,189.76,267.16,205.74,247.36,230.52
1671404400000.0,191.93,277.56,211.13,235.94,200.27
1671490800000.0,185.82,258.21,221.17,272.77,200.96
1671577200000.0,214.6,248.82,228.94,258.15,217.47
1671663600000.0,192.64,221.43,209.22,240.38,194.7
1671750000000.0,185.89,198.28,183.98,204.5,171.26
1671836400000.0,111.87,143.78,112.69,142.06,113.11
1671922800000.0,106.01,90.33,106.46,166.17,107.97
1672009200000.0,40.53,65.26,50.69,172.31,74.76
1672095600000.0,91.73,126.88,98.46,209.48,122.79
1672182000000.0,45.9,77.36,81.48,175.79,51.54
1672268400000.0,13.58,44.11,38.16,205.41,31.53
1672354800000.0,14.63,26.04,30.61,179.51,18.48
1672441200000.0,-0.79,7.26,3.93,224.32,4.38
1672527600000.0,14.91,6.57,16.69,193.14,14.91
1672614000000.0,123.82,104.97,126.36,202.24,124.58
1672700400000.0,145.95,154.01,147.28,174.74,146.05
1672786800000.0,58.94,137.24,142.75,171.61,97.74
1672873200000.0,107.46,140.68,132.33,182.79,126.68
1672959600000.0,117.47,131.54,128.03,174.22,121.48
1673046000000.0,88.81,147.16,148.33,188.61,85.46
1673132400000.0,68.94,133.06,112.33,164.28,68.2
1673218800000.0,129.29,142.59,142.17,157.87,126.41
1673305200000.0,123.13,162.51,134.91,166.58,128.08
1673391600000.0,84.08,174.64,138.41,182.03,87.9
1673478000000.0,70.74,173.11,168.12,178.73,81.17
1673564400000.0,66.64,169.22,162.92,195.37,78.81
1673650800000.0,29.34,161.24,119.36,161.66,55.93
1673737200000.0,9.26,156.74,83.13,146.95,34.88
1673823600000.0,128.75,153.44,134.67,161.38,134.7
1673910000000.0,133.57,174.76,143.81,179.96,178.67
1673996400000.0,143.76,168.34,149.49,161.79,157.11
1674082800000.0,148.21,170.69,155.95,184.81,184.69
1674169200000.0,180.66,186.82,179.2,189.59,186.75
1674255600000.0,144.39,159.91,143.5,168.63,155.73
1674342000000.0,151.15,173.42,156.4,185.4,167.59
1674428400000.0,202.73,208.91,202.83,207.61,204.93
1674514800000.0,202.69,205.14,202.84,205.6,204.5
1674601200000.0,181.74,185.61,182.47,187.12,186.3
1674687600000.0,167.67,175.64,169.44,174.63,171.32
1674774000000.0,168.76,176.38,168.91,172.55,171.1
1674860400000.0,144.7,156.66,145.83,163.89,146.71
1674946800000.0,123.59,151.81,139.59,157.03,144.6
1675033200000.0,74.21,163.42,157.39,179.49,162.13
1675119600000.0,117.32,168.71,146.08,164.85,159.91
1675206000000.0,93.08,161.87,141.67,163.68,150.87
1675292400000.0,136.15,162.95,150.69,179.75,155.59
1675378800000.0,102.61,162.2,141.78,169.61,140.58
1675465200000.0,146.01,150.33,147.01,155.65,152.99
1675551600000.0,131.37,138.03,130.62,151.1,133.11
1675638000000.0,172.96,177.16,172.45,177.24,171.48
1675724400000.0,172.92,177.57,174.72,178.39,175.17
1675810800000.0,152.1,172.01,161.98,170.35,164.75
1675897200000.0,132.54,162.57,154.11,180.46,179.69
1675983600000.0,125.92,161.43,154.58,168.82,158.71
1676070000000.0,106.27,155.19,149.2,170.59,149.16
1676156400000.0,136.31,145.72,140.17,150.76,143.02
1676242800000.0,163.5,163.72,164.84,168.78,163.4
1676329200000.0,154.49,162.47,157.61,161.23,155.94
1676415600000.0,143.52,155.87,157.61,165.87,149.11
1676502000000.0,136.73,157.18,153.82,164.14,148.74
1676588400000.0,81.15,153.38,148.11,165.8,130.92
1676674800000.0,94.67,138.98,117.63,139.83,112.57
1676761200000.0,114.05,131.44,117.07,137.29,121.01
1676847600000.0,61.42,142.49,117.85,160.01,134.22
1676934000000.0,122.45,148.42,135.79,162.14,153.87
1677020400000.0,148.65,150.31,149.58,162.66,149.83
1677106800000.0,146.12,146.84,148.37,156.81,149.11
1677193200000.0,118.3,145.25,134.61,164.54,148.2
1677279600000.0,89.29,140.65,107.83,148.54,142.17
1677366000000.0,109.82,127.96,114.4,127.46,115.54
1677452400000.0,152.27,153.77,152.15,173.6,154.89
1677538800000.0,148.05,159.84,152.58,164.13,160.77
1677625200000.0,142.97,155.0,151.9,168.92,152.81
1677711600000.0,144.31,155.51,152.74,168.27,166.06
1677798000000.0,136.76,154.66,148.62,166.65,162.02
1677884400000.0,107.47,143.51,123.15,144.49,142.25
1677970800000.0,121.79,138.03,125.99,145.31,146.08
1678057200000.0,150.67,157.43,152.89,159.66,160.06
1678143600000.0,106.87,148.06,137.24,154.68,152.41
1678230000000.0,138.89,141.28,139.39,140.7,139.97
1678316400000.0,127.2,130.92,128.49,143.03,127.2
1678402800000.0,115.61,122.21,117.76,129.84,119.84
1678489200000.0,98.61,130.13,104.57,132.92,122.27
1678575600000.0,95.53,111.36,98.12,122.82,95.76
1678662000000.0,37.14,123.99,100.96,148.57,44.04
1678748400000.0,71.48,132.46,92.42,147.12,80.98
1678834800000.0,127.72,135.34,129.97,152.64,144.86
1678921200000.0,105.57,122.56,109.61,147.86,107.28
1679007600000.0,92.35,111.17,95.01,135.23,101.52
1679094000000.0,109.34,99.94,109.39,133.92,109.9
1679180400000.0,111.99,112.83,111.86,123.74,111.65
1679266800000.0,125.17,124.74,125.65,137.41,125.23
1679353200000.0,115.05,120.62,120.28,133.89,116.53
1679439600000.0,80.18,110.5,107.06,132.83,89.03
1679526000000.0,74.71,111.04,103.72,143.33,81.42
1679612400000.0,53.12,111.96,88.27,131.79,56.91
1679698800000.0,14.67,81.15,29.91,101.74,26.14
1679785200000.0,70.62,95.44,74.19,111.64,71.82
1679868000000.0,92.32,112.61,99.11,147.58,118.69
1679954400000.0,113.15,123.81,113.0,132.57,124.34
1680040800000.0,116.54,119.46,116.84,140.59,115.14
1680127200000.0,81.44,112.42,104.31,157.38,82.68
1680213600000.0,97.59,108.88,100.49,132.81,74.16
1680300000000.0,55.77,88.87,56.78,110.09,59.24
1680386400000.0,67.33,97.14,68.18,136.8,70.88
1680472800000.0,114.8,127.33,110.33,142.5,123.47
1680559200000.0,132.07,136.46,128.74,149.8,135.12
1680645600000.0,140.97,142.81,139.94,172.03,142.58
1680732000000.0,124.28,130.23,125.53,154.07,130.37
1680818400000.0,108.63,119.29,117.84,148.86,122.94
1680904800000.0,116.89,124.34,117.01,132.18,116.59
1680991200000.0,105.05,99.75,105.05,161.52,105.05
1681077600000.0,39.97,65.53,65.17,101.77,54.31
1681164000000.0,59.99,125.18,107.2,135.0,90.61
1681250400000.0,107.69,131.13,110.96,153.99,105.54
1681336800000.0,108.41,138.6,120.23,145.74,116.85
1681423200000.0,128.8,134.56,127.56,149.84,129.71
1681509600000.0,106.8,120.18,107.57,132.23,106.3
1681596000000.0,110.1,111.03,110.11,127.51,110.12
1681682400000.0,124.24,127.86,122.14,144.48,124.24
1681768800000.0,108.23,124.94,111.74,145.0,111.25
1681855200000.0,87.52,123.15,102.87,143.22,109.53
1681941600000.0,111.71,133.67,111.02,149.8,113.26
1682028000000.0,89.47,128.87,99.99,144.02,118.84
1682114400000.0,84.47,110.41,86.42,120.97,92.69
1682200800000.0,85.8,87.13,85.49,122.61,82.76
1682287200000.0,104.6,113.36,105.66,116.31,106.02
1682373600000.0,101.0,113.44,104.0,109.94,111.39
1682460000000.0,110.72,121.08,110.66,125.1,117.85
1682546400000.0,112.09,115.5,110.36,129.73,107.7
1682632800000.0,106.0,110.86,106.0,133.71,104.73
1682719200000.0,100.65,99.81,100.6,115.42,100.44
1682805600000.0,68.29,81.24,68.93,,70.52
1682892000000.0,87.55,96.1,83.04,,79.58
1682978400000.0,106.1,102.28,106.26,,106.13
1683064800000.0,107.8,103.71,104.79,124.38,93.28
1683151200000.0,97.5,96.98,96.78,119.26,87.35
1683237600000.0,96.05,94.82,96.25,119.35,97.73
1683324000000.0,89.52,85.12,89.51,105.11,89.22
1683410400000.0,66.98,72.87,69.92,91.18,79.04
1683496800000.0,96.37,93.0,95.58,132.22,95.83
1683583200000.0,94.64,98.18,96.13,133.83,100.44
1683669600000.0,107.89,103.7,105.05,125.8,100.49
1683756000000.0,116.14,113.05,112.62,120.87,111.56
1683842400000.0,100.51,101.37,102.93,112.82,96.73
1683928800000.0,78.35,88.88,78.82,108.18,75.27
1684015200000.0,72.0,75.84,70.24,93.11,59.36
1684101600000.0,113.84,102.37,113.06,111.49,89.58
1684188000000.0,79.3,101.1,87.94,106.37,80.19
1684274400000.0,78.58,99.26,80.26,115.36,81.51
1684360800000.0,86.73,78.07,83.23,109.92,80.56
1684447200000.0,87.28,91.19,86.32,116.6,79.57
1684533600000.0,46.81,77.84,46.96,104.99,46.88
1684620000000.0,28.46,44.78,29.7,59.54,29.95
1684706400000.0,97.33,91.4,95.65,104.81,85.52
1684792800000.0,72.79,87.41,81.13,108.28,73.07
1684879200000.0,102.27,96.49,98.09,108.19,83.2
1684965600000.0,81.65,88.83,84.0,101.5,71.84
1685052000000.0,69.98,82.22,70.42,92.59,63.47
1685138400000.0,62.67,59.7,60.09,71.53,59.25
1685224800000.0,26.55,36.35,34.24,63.34,39.97
1685311200000.0,21.45,43.66,27.88,85.72,28.83
1685397600000.0,87.74,79.24,85.46,94.34,74.92
1685484000000.0,72.32,75.73,79.44,92.93,63.63
1685570400000.0,72.9,70.19,73.46,94.88,71.3
1685656800000.0,81.02,72.07,79.29,81.09,72.79
1685743200000.0,56.37,53.91,55.9,73.67,52.01
1685829600000.0,49.67,39.43,50.85,59.44,48.54
1685916000000.0,90.76,83.13,88.44,96.02,81.75
1686002400000.0,98.14,87.32,92.65,90.27,82.71
1686088800000.0,100.93,93.46,98.02,94.26,86.73
1686175200000.0,84.52,80.37,83.94,90.18,81.5
1686261600000.0,,,,92.0,
1686348000000.0,,,59.19,,
1686434400000.0,,,,,
1686520800000.0,,,,,
1686607200000.0,,,,,
1686693600000.0,,,,,
1686780000000.0,,,,,
1686866400000.0,,,,,
1686952800000.0,,,,,
1687039200000.0,,,,,
1687125600000.0,,,,,
1687212000000.0,,,,,
1687298400000.0,,,,,
1687384800000.0,,,,,
1687471200000.0,,,,,
1687557600000.0,,,,,
1687644000000.0,,,,,
1687730400000.0,,,,,
1687816800000.0,,,,,
1687903200000.0,,,,,
1687989600000.0,,,,,
1688076000000.0,,,,,
1688162400000.0,,,,,
1688248800000.0,,,,,
1688335200000.0,,,,,
1688421600000.0,,,,,
1688508000000.0,,,,,
1688594400000.0,,,,,
1688680800000.0,,,,,
1688767200000.0,,,,,
1688853600000.0,,,,,
1688940000000.0,,,,,
1689026400000.0,,,,,
1689112800000.0,,,,,
1689199200000.0,,,,,
1689285600000.0,,,,,
1689372000000.0,,,,,
1689458400000.0,,,,,
1689544800000.0,,,,,
1689631200000.0,,,,,
1689717600000.0,,,,,
1689804000000.0,,,,,
1689890400000.0,,,,,
1689976800000.0,,,,,
1690063200000.0,,,,,
1690149600000.0,,,,,
1690236000000.0,,,,,
1690322400000.0,,,,,
1690408800000.0,,,,,
1690495200000.0,,,,,
1690581600000.0,,,,,
1690668000000.0,,,,,
1690754400000.0,,,,,
1690840800000.0,,,,,
1690927200000.0,,,,,
1691013600000.0,,,,,
1691100000000.0,,,,,
1691186400000.0,,,,,
1691272800000.0,,,,,
1691359200000.0,,,,,
1691445600000.0,,,,,
1691532000000.0,,,,,
1691618400000.0,,,,,
1691704800000.0,,,,,
1691791200000.0,,,,,
1691877600000.0,,,,,
1691964000000.0,,,,,
1692050400000.0,,,,,
1692136800000.0,,,,,
1692223200000.0,,,,,
1692309600000.0,,,,,
1692396000000.0,,,,,
1692482400000.0,,,,,
1692568800000.0,,,,,
1692655200000.0,,,,,
1692741600000.0,,,,,
1692828000000.0,,,,,
1692914400000.0,,,,,
1693000800000.0,,,,,
1693087200000.0,,,,,
1693173600000.0,,,,,
1693260000000.0,,,,,
1693346400000.0,,,,,
1693432800000.0,,,,,
1693519200000.0,,,,,
1693605600000.0,,,,,
1693692000000.0,,,,,
1693778400000.0,,,,,
1693864800000.0,,,,,
1693951200000.0,,,,,
1694037600000.0,,,,,
1694124000000.0,,,,,
1694210400000.0,,,,,
1694296800000.0,,,,,
1694383200000.0,,,,,
1694469600000.0,,,,,
1694556000000.0,,,,,
1694642400000.0,,,,,
1694728800000.0,,,,,
1694815200000.0,,,,,
1694901600000.0,,,,,
1694988000000.0,,,,,
1695074400000.0,,,,,
1695160800000.0,,,,,
1695247200000.0,,,,,
1695333600000.0,,,,,
1695420000000.0,,,,,
1695506400000.0,,,,,
1695592800000.0,,,,,
1695679200000.0,,,,,
1695765600000.0,,,,,
1695852000000.0,,,,,
1695938400000.0,,,,,
1696024800000.0,,,,,
1696111200000.0,,,,,
1696197600000.0,,,,,
1696284000000.0,,,,,
1696370400000.0,,,,,
1696456800000.0,,,,,
1696543200000.0,,,,,
1696629600000.0,,,,,
1696716000000.0,,,,,
1696802400000.0,,,,,
1696888800000.0,,,,,
1696975200000.0,,,,,
1697061600000.0,,,,,
1697148000000.0,,,,,
1697234400000.0,,,,,
1697320800000.0,,,,,
1697407200000.0,,,,,
1697493600000.0,,,,,
1697580000000.0,,,,,
1697666400000.0,,,,,
1697752800000.0,,,,,
1697839200000.0,,,,,
1697925600000.0,,,,,
1698012000000.0,,,,,
1698098400000.0,,,,,
1698184800000.0,,,,,
1698271200000.0,,,,,
1698357600000.0,,,,,
1698444000000.0,,,,,
1698530400000.0,,,,,
1698620400000.0,,,,,
1698706800000.0,,,,,
1698793200000.0,,,,,
1698879600000.0,,,,,
1698966000000.0,,,,,
1699052400000.0,,,,,
1699138800000.0,,,,,
1699225200000.0,,,,,
1699311600000.0,,,,,
1699398000000.0,,,,,
1699484400000.0,,,,,
1699570800000.0,,,,,
1699657200000.0,,,,,
1699743600000.0,,,,,
1699830000000.0,,,,,
1699916400000.0,,,,,
1700002800000.0,,,,,
1700089200000.0,,,,,
1700175600000.0,,,,,
1700262000000.0,,,,,
1700348400000.0,,,,,
1700434800000.0,,,,,
1700521200000.0,,,,,
1700607600000.0,,,,,
1700694000000.0,,,,,
1700780400000.0,,,,,
1700866800000.0,,,,,
1700953200000.0,,,,,
1701039600000.0,,,,,
1701126000000.0,,,,,
1701212400000.0,,,,,
1701298800000.0,,,,,
1701385200000.0,,,,,
1701471600000.0,,,,,
1701558000000.0,,,,,
1701644400000.0,,,,,
1701730800000.0,,,,,
1701817200000.0,,,,,
1701903600000.0,,,,,
1701990000000.0,,,,,
1702076400000.0,,,,,
1702162800000.0,,,,,
1702249200000.0,,,,,
1702335600000.0,,,,,
1702422000000.0,,,,,
1702508400000.0,,,,,
1702594800000.0,,,,,
1702681200000.0,,,,,
1702767600000.0,,,,,
1702854000000.0,,,,,
1702940400000.0,,,,,
1703026800000.0,,,,,
1703113200000.0,,,,,
1703199600000.0,,,,,
1703286000000.0,,,,,
1703372400000.0,,,,,
1703458800000.0,,,,,
1703545200000.0,,,,,
1703631600000.0,,,,,
1703718000000.0,,,,,
1703804400000.0,,,,,
1703890800000.0,,,,,
1703977200000.0,,,,,
