,Date,country,import_quantity(MWh)
0,2000-01-01,Germany,1274
1,2000-02-01,Germany,1154
2,2000-03-01,Germany,1162
3,2000-04-01,Germany,947
4,2000-05-01,Germany,358
5,2000-06-01,Germany,354
6,2000-07-01,Germany,723
7,2000-08-01,Germany,693
8,2000-09-01,Germany,982
9,2000-10-01,Germany,859
10,2000-11-01,Germany,859
11,2000-12-01,Germany,1085
12,2001-01-01,Germany,1191
13,2001-02-01,Germany,1001
14,2001-03-01,Germany,843
15,2001-04-01,Germany,675
16,2001-05-01,Germany,366
17,2001-06-01,Germany,331
18,2001-07-01,Germany,378
19,2001-08-01,Germany,394
20,2001-09-01,Germany,888
21,2001-10-01,Germany,1063
22,2001-11-01,Germany,1338
23,2001-12-01,Germany,1927
24,2002-01-01,Germany,2045
25,2002-02-01,Germany,1609
26,2002-03-01,Germany,1222
27,2002-04-01,Germany,1090
28,2002-05-01,Germany,631
29,2002-06-01,Germany,573
30,2002-07-01,Germany,802
31,2002-08-01,Germany,533
32,2002-09-01,Germany,725
33,2002-10-01,Germany,1217
34,2002-11-01,Germany,761
35,2002-12-01,Germany,1064
36,2003-01-01,Germany,1164
37,2003-02-01,Germany,1136
38,2003-03-01,Germany,1454
39,2003-04-01,Germany,1354
40,2003-05-01,Germany,489
41,2003-06-01,Germany,811
42,2003-07-01,Germany,782
43,2003-08-01,Germany,1065
44,2003-09-01,Germany,1113
45,2003-10-01,Germany,1312
46,2003-11-01,Germany,1426
47,2003-12-01,Germany,1575
48,2004-01-01,Germany,1506
49,2004-02-01,Germany,1351
50,2004-03-01,Germany,1099
51,2004-04-01,Germany,869
52,2004-05-01,Germany,487
53,2004-06-01,Germany,477
54,2004-07-01,Germany,514
55,2004-08-01,Germany,704
56,2004-09-01,Germany,1069
57,2004-10-01,Germany,1069
58,2004-11-01,Germany,1441
59,2004-12-01,Germany,1626
60,2005-01-01,Germany,1901
61,2005-02-01,Germany,1836
62,2005-03-01,Germany,1697
63,2005-04-01,Germany,1852
64,2005-05-01,Germany,1219
65,2005-06-01,Germany,1171
66,2005-07-01,Germany,1510
67,2005-08-01,Germany,1446
68,2005-09-01,Germany,1033
69,2005-10-01,Germany,1338
70,2005-11-01,Germany,1558
71,2005-12-01,Germany,1906
72,2006-01-01,Germany,1689
73,2006-02-01,Germany,1577
74,2006-03-01,Germany,1481
75,2006-04-01,Germany,1004
76,2006-05-01,Germany,572
77,2006-06-01,Germany,991
78,2006-07-01,Germany,736
79,2006-08-01,Germany,732
80,2006-09-01,Germany,838
81,2006-10-01,Germany,1246
82,2006-11-01,Germany,1425
83,2006-12-01,Germany,1902
84,2007-01-01,Germany,1988
85,2007-02-01,Germany,1631
86,2007-03-01,Germany,1728
87,2007-04-01,Germany,1256
88,2007-05-01,Germany,817
89,2007-06-01,Germany,579
90,2007-07-01,Germany,527
91,2007-08-01,Germany,768
92,2007-09-01,Germany,937
93,2007-10-01,Germany,1395
94,2007-11-01,Germany,1701
95,2007-12-01,Germany,1979
96,2008-01-01,Germany,1957
97,2008-02-01,Germany,1634
98,2008-03-01,Germany,1666
99,2008-04-01,Germany,1252
100,2008-05-01,Germany,582
101,2008-06-01,Germany,490
102,2008-07-01,Germany,374
103,2008-08-01,Germany,748
104,2008-09-01,Germany,668
105,2008-10-01,Germany,1553
106,2008-11-01,Germany,1483
107,2008-12-01,Germany,1775
108,2009-01-01,Germany,1766
109,2009-02-01,Germany,1657
110,2009-03-01,Germany,1280
111,2009-04-01,Germany,670
112,2009-05-01,Germany,368
113,2009-06-01,Germany,503
114,2009-07-01,Germany,437
115,2009-08-01,Germany,683
116,2009-09-01,Germany,1145
117,2009-10-01,Germany,1429
118,2009-11-01,Germany,1631
119,2009-12-01,Germany,1864
120,2010-01-01,Germany,1692
121,2010-02-01,Germany,1690
122,2010-03-01,Germany,1742
123,2010-04-01,Germany,1280
124,2010-05-01,Germany,657
125,2010-06-01,Germany,503
126,2010-07-01,Germany,802
127,2010-08-01,Germany,813
128,2010-09-01,Germany,1167
129,2010-10-01,Germany,1544
130,2010-11-01,Germany,1464
131,2010-12-01,Germany,1502
132,2011-01-01,Germany,1676
133,2011-02-01,Germany,1784
134,2011-03-01,Germany,1655
135,2011-04-01,Germany,975
136,2011-05-01,Germany,761
137,2011-06-01,Germany,672
138,2011-07-01,Germany,694
139,2011-08-01,Germany,824
140,2011-09-01,Germany,620
141,2011-10-01,Germany,1250
142,2011-11-01,Germany,1598
143,2011-12-01,Germany,1806
144,2012-01-01,Germany,1582
145,2012-02-01,Germany,1791
146,2012-03-01,Germany,1638
147,2012-04-01,Germany,1188
148,2012-05-01,Germany,420
149,2012-06-01,Germany,466
150,2012-07-01,Germany,341
151,2012-08-01,Germany,559
152,2012-09-01,Germany,1136
153,2012-10-01,Germany,1493
154,2012-11-01,Germany,1196
155,2012-12-01,Germany,1230
156,2013-01-01,Germany,1447
157,2013-02-01,Germany,1496
158,2013-03-01,Germany,1471
159,2013-04-01,Germany,853
160,2013-05-01,Germany,438
161,2013-06-01,Germany,353
162,2013-07-01,Germany,469
163,2013-08-01,Germany,492
164,2013-09-01,Germany,962
165,2013-10-01,Germany,1017
166,2013-11-01,Germany,1364
167,2013-12-01,Germany,1668
168,2014-01-01,Germany,1527
169,2014-02-01,Germany,1485
170,2014-03-01,Germany,1410
171,2014-04-01,Germany,593
172,2014-05-01,Germany,381
173,2014-06-01,Germany,488
174,2014-07-01,Germany,461
175,2014-08-01,Germany,487
176,2014-09-01,Germany,762
177,2014-10-01,Germany,1226
178,2014-11-01,Germany,1393
179,2014-12-01,Germany,1496
180,2015-01-01,Germany,1926
181,2015-02-01,Germany,1750
182,2015-03-01,Germany,1536
183,2015-04-01,Germany,1113
184,2015-05-01,Germany,266
185,2015-06-01,Germany,439
186,2015-07-01,Germany,776
187,2015-08-01,Germany,873
188,2015-09-01,Germany,1300
189,2015-10-01,Germany,1745
190,2015-11-01,Germany,2191
191,2015-12-01,Germany,2498
192,2016-01-01,Germany,2330
193,2016-02-01,Germany,2032
194,2016-03-01,Germany,2071
195,2016-04-01,Germany,904
196,2016-05-01,Germany,434
197,2016-06-01,Germany,394
198,2016-07-01,Germany,681
199,2016-08-01,Germany,1129
200,2016-09-01,Germany,1492
201,2016-10-01,Germany,1756
202,2016-11-01,Germany,2120
203,2016-12-01,Germany,2101
204,2017-01-01,Germany,2230
205,2017-02-01,Germany,2375
206,2017-03-01,Germany,1798
207,2017-04-01,Germany,972
208,2017-05-01,Germany,817
209,2017-06-01,Germany,845
210,2017-07-01,Germany,980
211,2017-08-01,Germany,786
212,2017-09-01,Germany,1310
213,2017-10-01,Germany,2258
214,2017-11-01,Germany,2500
215,2017-12-01,Germany,2748
216,2018-01-01,Germany,2038
217,2018-02-01,Germany,2403
218,2018-03-01,Germany,2136
219,2018-04-01,Germany,802
220,2018-05-01,Germany,222
221,2018-06-01,Germany,350
222,2018-07-01,Germany,769
223,2018-08-01,Germany,808
224,2018-09-01,Germany,1181
225,2018-10-01,Germany,2223
226,2018-11-01,Germany,1674
227,2018-12-01,Germany,1918
228,2019-01-01,Germany,2130
229,2019-02-01,Germany,1873
230,2019-03-01,Germany,1615
231,2019-04-01,Germany,1059
232,2019-05-01,Germany,713
233,2019-06-01,Germany,450
234,2019-07-01,Germany,354
235,2019-08-01,Germany,468
236,2019-09-01,Germany,1054
237,2019-10-01,Germany,1519
238,2019-11-01,Germany,1613
239,2019-12-01,Germany,1622
240,2020-01-01,Germany,1985
241,2020-02-01,Germany,1719
242,2020-03-01,Germany,1205
243,2020-04-01,Germany,499
244,2020-05-01,Germany,376
245,2020-06-01,Germany,414
246,2020-07-01,Germany,849
247,2020-08-01,Germany,679
248,2020-09-01,Germany,637
249,2020-10-01,Germany,1098
250,2020-11-01,Germany,1477
251,2020-12-01,Germany,1764
252,2021-01-01,Germany,1728
253,2021-02-01,Germany,1273
254,2021-03-01,Germany,1427
255,2021-04-01,Germany,1351
256,2021-05-01,Germany,780
257,2021-06-01,Germany,750
258,2021-07-01,Germany,933
259,2021-08-01,Germany,888
260,2021-09-01,Germany,1553
261,2021-10-01,Germany,2177
262,2021-11-01,Germany,2245
263,2021-12-01,Germany,1878
264,2022-01-01,Germany,1969
265,2022-02-01,Germany,2227
266,2022-03-01,Germany,2011
267,2022-04-01,Germany,1267
268,2022-05-01,Germany,1159
269,2022-06-01,Germany,1386
270,2022-07-01,Germany,1300
271,2022-08-01,Germany,922
272,2022-09-01,Germany,1499
273,2022-10-01,Germany,1431
274,2022-11-01,Germany,1754
275,2022-12-01,Germany,1563
276,2023-01-01,Germany,1639
277,2023-02-01,Germany,1775
278,2000-01-01,France,904
279,2000-02-01,France,890
280,2000-03-01,France,1056
281,2000-04-01,France,848
282,2000-05-01,France,570
283,2000-06-01,France,459
284,2000-07-01,France,712
285,2000-08-01,France,715
286,2000-09-01,France,720
287,2000-10-01,France,731
288,2000-11-01,France,884
289,2000-12-01,France,1124
290,2001-01-01,France,1089
291,2001-02-01,France,890
292,2001-03-01,France,1182
293,2001-04-01,France,777
294,2001-05-01,France,512
295,2001-06-01,France,519
296,2001-07-01,France,620
297,2001-08-01,France,444
298,2001-09-01,France,666
299,2001-10-01,France,1041
300,2001-11-01,France,1133
301,2001-12-01,France,1057
302,2002-01-01,France,1165
303,2002-02-01,France,1142
304,2002-03-01,France,1230
305,2002-04-01,France,1075
306,2002-05-01,France,796
307,2002-06-01,France,620
308,2002-07-01,France,654
309,2002-08-01,France,640
310,2002-09-01,France,794
311,2002-10-01,France,1059
312,2002-11-01,France,917
313,2002-12-01,France,1144
314,2003-01-01,France,1230
315,2003-02-01,France,1243
316,2003-03-01,France,1431
317,2003-04-01,France,1092
318,2003-05-01,France,830
319,2003-06-01,France,663
320,2003-07-01,France,687
321,2003-08-01,France,649
322,2003-09-01,France,824
323,2003-10-01,France,916
324,2003-11-01,France,1309
325,2003-12-01,France,1391
326,2004-01-01,France,1291
327,2004-02-01,France,1088
328,2004-03-01,France,1033
329,2004-04-01,France,940
330,2004-05-01,France,775
331,2004-06-01,France,538
332,2004-07-01,France,486
333,2004-08-01,France,690
334,2004-09-01,France,778
335,2004-10-01,France,926
336,2004-11-01,France,841
337,2004-12-01,France,931
338,2005-01-01,France,1001
339,2005-02-01,France,681
340,2005-03-01,France,822
341,2005-04-01,France,850
342,2005-05-01,France,941
343,2005-06-01,France,843
344,2005-07-01,France,630
345,2005-08-01,France,825
346,2005-09-01,France,772
347,2005-10-01,France,1086
348,2005-11-01,France,1130
349,2005-12-01,France,867
350,2006-01-01,France,811
351,2006-02-01,France,660
352,2006-03-01,France,916
353,2006-04-01,France,1174
354,2006-05-01,France,978
355,2006-06-01,France,673
356,2006-07-01,France,580
357,2006-08-01,France,1064
358,2006-09-01,France,1000
359,2006-10-01,France,1235
360,2006-11-01,France,1378
361,2006-12-01,France,1264
362,2007-01-01,France,1200
363,2007-02-01,France,1202
364,2007-03-01,France,1322
365,2007-04-01,France,1033
366,2007-05-01,France,811
367,2007-06-01,France,757
368,2007-07-01,France,586
369,2007-08-01,France,811
370,2007-09-01,France,769
371,2007-10-01,France,848
372,2007-11-01,France,712
373,2007-12-01,France,947
374,2008-01-01,France,1028
375,2008-02-01,France,1061
376,2008-03-01,France,894
377,2008-04-01,France,828
378,2008-05-01,France,758
379,2008-06-01,France,590
380,2008-07-01,France,498
381,2008-08-01,France,611
382,2008-09-01,France,463
383,2008-10-01,France,700
384,2008-11-01,France,876
385,2008-12-01,France,993
386,2009-01-01,France,1098
387,2009-02-01,France,1024
388,2009-03-01,France,1279
389,2009-04-01,France,578
390,2009-05-01,France,453
391,2009-06-01,France,332
392,2009-07-01,France,346
393,2009-08-01,France,451
394,2009-09-01,France,630
395,2009-10-01,France,658
396,2009-11-01,France,758
397,2009-12-01,France,866
398,2010-01-01,France,757
399,2010-02-01,France,849
400,2010-03-01,France,1096
401,2010-04-01,France,930
402,2010-05-01,France,680
403,2010-06-01,France,759
404,2010-07-01,France,651
405,2010-08-01,France,795
406,2010-09-01,France,789
407,2010-10-01,France,861
408,2010-11-01,France,909
409,2010-12-01,France,707
410,2011-01-01,France,1047
411,2011-02-01,France,1073
412,2011-03-01,France,1178
413,2011-04-01,France,1116
414,2011-05-01,France,984
415,2011-06-01,France,874
416,2011-07-01,France,954
417,2011-08-01,France,849
418,2011-09-01,France,889
419,2011-10-01,France,987
420,2011-11-01,France,1166
421,2011-12-01,France,1258
422,2012-01-01,France,1130
423,2012-02-01,France,875
424,2012-03-01,France,1103
425,2012-04-01,France,875
426,2012-05-01,France,610
427,2012-06-01,France,482
428,2012-07-01,France,440
429,2012-08-01,France,510
430,2012-09-01,France,673
431,2012-10-01,France,895
432,2012-11-01,France,1003
433,2012-12-01,France,1102
434,2013-01-01,France,972
435,2013-02-01,France,894
436,2013-03-01,France,898
437,2013-04-01,France,800
438,2013-05-01,France,637
439,2013-06-01,France,721
440,2013-07-01,France,636
441,2013-08-01,France,645
442,2013-09-01,France,803
443,2013-10-01,France,807
444,2013-11-01,France,696
445,2013-12-01,France,959
446,2014-01-01,France,1416
447,2014-02-01,France,1128
448,2014-03-01,France,1042
449,2014-04-01,France,739
450,2014-05-01,France,638
451,2014-06-01,France,642
452,2014-07-01,France,836
453,2014-08-01,France,685
454,2014-09-01,France,654
455,2014-10-01,France,685
456,2014-11-01,France,797
457,2014-12-01,France,842
458,2015-01-01,France,996
459,2015-02-01,France,881
460,2015-03-01,France,969
461,2015-04-01,France,607
462,2015-05-01,France,377
463,2015-06-01,France,462
464,2015-07-01,France,690
465,2015-08-01,France,850
466,2015-09-01,France,829
467,2015-10-01,France,1005
468,2015-11-01,France,1009
469,2015-12-01,France,1037
470,2016-01-01,France,1175
471,2016-02-01,France,992
472,2016-03-01,France,833
473,2016-04-01,France,771
474,2016-05-01,France,557
475,2016-06-01,France,470
476,2016-07-01,France,384
477,2016-08-01,France,464
478,2016-09-01,France,584
479,2016-10-01,France,747
480,2016-11-01,France,725
481,2016-12-01,France,667
482,2017-01-01,France,866
483,2017-02-01,France,1125
484,2017-03-01,France,998
485,2017-04-01,France,680
486,2017-05-01,France,541
487,2017-06-01,France,366
488,2017-07-01,France,612
489,2017-08-01,France,455
490,2017-09-01,France,603
491,2017-10-01,France,763
492,2017-11-01,France,658
493,2017-12-01,France,853
494,2018-01-01,France,993
495,2018-02-01,France,626
496,2018-03-01,France,827
497,2018-04-01,France,677
498,2018-05-01,France,469
499,2018-06-01,France,445
500,2018-07-01,France,351
501,2018-08-01,France,432
502,2018-09-01,France,670
503,2018-10-01,France,920
504,2018-11-01,France,553
505,2018-12-01,France,736
506,2019-01-01,France,560
507,2019-02-01,France,725
508,2019-03-01,France,856
509,2019-04-01,France,659
510,2019-05-01,France,881
511,2019-06-01,France,730
512,2019-07-01,France,474
513,2019-08-01,France,508
514,2019-09-01,France,789
515,2019-10-01,France,849
516,2019-11-01,France,683
517,2019-12-01,France,947
518,2020-01-01,France,833
519,2020-02-01,France,1043
520,2020-03-01,France,975
521,2020-04-01,France,735
522,2020-05-01,France,703
523,2020-06-01,France,297
524,2020-07-01,France,333
525,2020-08-01,France,340
526,2020-09-01,France,422
527,2020-10-01,France,708
528,2020-11-01,France,850
529,2020-12-01,France,905
530,2021-01-01,France,729
531,2021-02-01,France,1002
532,2021-03-01,France,981
533,2021-04-01,France,600
534,2021-05-01,France,821
535,2021-06-01,France,608
536,2021-07-01,France,551
537,2021-08-01,France,548
538,2021-09-01,France,713
539,2021-10-01,France,1121
540,2021-11-01,France,750
541,2021-12-01,France,790
542,2022-01-01,France,719
543,2022-02-01,France,775
544,2022-03-01,France,780
545,2022-04-01,France,574
546,2022-05-01,France,608
547,2022-06-01,France,568
548,2022-07-01,France,450
549,2022-08-01,France,497
550,2022-09-01,France,612
551,2022-10-01,France,893
552,2022-11-01,France,1074
553,2022-12-01,France,932
554,2023-01-01,France,1092
555,2023-02-01,France,724
556,2000-01-01,Italy,16
557,2000-02-01,Italy,17
558,2000-03-01,Italy,6
559,2000-04-01,Italy,1
560,2000-05-01,Italy,1
561,2000-06-01,Italy,3
562,2000-07-01,Italy,0
563,2000-08-01,Italy,2
564,2000-09-01,Italy,3
565,2000-10-01,Italy,4
566,2000-11-01,Italy,7
567,2000-12-01,Italy,18
568,2001-01-01,Italy,7
569,2001-02-01,Italy,6
570,2001-03-01,Italy,6
571,2001-04-01,Italy,9
572,2001-05-01,Italy,2
573,2001-06-01,Italy,2
574,2001-07-01,Italy,19
575,2001-08-01,Italy,46
576,2001-09-01,Italy,12
577,2001-10-01,Italy,5
578,2001-11-01,Italy,12
579,2001-12-01,Italy,8
580,2002-01-01,Italy,2
581,2002-02-01,Italy,4
582,2002-03-01,Italy,11
583,2002-04-01,Italy,6
584,2002-05-01,Italy,6
585,2002-06-01,Italy,3
586,2002-07-01,Italy,7
587,2002-08-01,Italy,4
588,2002-09-01,Italy,6
589,2002-10-01,Italy,5
590,2002-11-01,Italy,12
591,2002-12-01,Italy,9
592,2003-01-01,Italy,10
593,2003-02-01,Italy,14
594,2003-03-01,Italy,17
595,2003-04-01,Italy,4
596,2003-05-01,Italy,6
597,2003-06-01,Italy,5
598,2003-07-01,Italy,4
599,2003-08-01,Italy,1
600,2003-09-01,Italy,1
601,2003-10-01,Italy,3
602,2003-11-01,Italy,8
603,2003-12-01,Italy,5
604,2004-01-01,Italy,6
605,2004-02-01,Italy,7
606,2004-03-01,Italy,11
607,2004-04-01,Italy,5
608,2004-05-01,Italy,3
609,2004-06-01,Italy,4
610,2004-07-01,Italy,3
611,2004-08-01,Italy,7
612,2004-09-01,Italy,6
613,2004-10-01,Italy,7
614,2004-11-01,Italy,9
615,2004-12-01,Italy,8
616,2005-01-01,Italy,7
617,2005-02-01,Italy,13
618,2005-03-01,Italy,12
619,2005-04-01,Italy,8
620,2005-05-01,Italy,8
621,2005-06-01,Italy,9
622,2005-07-01,Italy,7
623,2005-08-01,Italy,7
624,2005-09-01,Italy,10
625,2005-10-01,Italy,11
626,2005-11-01,Italy,18
627,2005-12-01,Italy,76
628,2006-01-01,Italy,153
629,2006-02-01,Italy,134
630,2006-03-01,Italy,105
631,2006-04-01,Italy,4
632,2006-05-01,Italy,4
633,2006-06-01,Italy,7
634,2006-07-01,Italy,30
635,2006-08-01,Italy,2
636,2006-09-01,Italy,1
637,2006-10-01,Italy,5
638,2006-11-01,Italy,1
639,2006-12-01,Italy,1
640,2007-01-01,Italy,10
641,2007-02-01,Italy,12
642,2007-03-01,Italy,11
643,2007-04-01,Italy,4
644,2007-05-01,Italy,4
645,2007-06-01,Italy,10
646,2007-07-01,Italy,6
647,2007-08-01,Italy,2
648,2007-09-01,Italy,3
649,2007-10-01,Italy,14
650,2007-11-01,Italy,37
651,2007-12-01,Italy,24
652,2008-01-01,Italy,17
653,2008-02-01,Italy,20
654,2008-03-01,Italy,33
655,2008-04-01,Italy,15
656,2008-05-01,Italy,9
657,2008-06-01,Italy,63
658,2008-07-01,Italy,36
659,2008-08-01,Italy,43
660,2008-09-01,Italy,70
661,2008-10-01,Italy,91
662,2008-11-01,Italy,26
663,2008-12-01,Italy,45
664,2009-01-01,Italy,57
665,2009-02-01,Italy,33
666,2009-03-01,Italy,27
667,2009-04-01,Italy,38
668,2009-05-01,Italy,49
669,2009-06-01,Italy,79
670,2009-07-01,Italy,50
671,2009-08-01,Italy,29
672,2009-09-01,Italy,37
673,2009-10-01,Italy,84
674,2009-11-01,Italy,60
675,2009-12-01,Italy,33
676,2010-01-01,Italy,58
677,2010-02-01,Italy,35
678,2010-03-01,Italy,57
679,2010-04-01,Italy,45
680,2010-05-01,Italy,60
681,2010-06-01,Italy,66
682,2010-07-01,Italy,38
683,2010-08-01,Italy,16
684,2010-09-01,Italy,27
685,2010-10-01,Italy,27
686,2010-11-01,Italy,41
687,2010-12-01,Italy,116
688,2011-01-01,Italy,49
689,2011-02-01,Italy,25
690,2011-03-01,Italy,95
691,2011-04-01,Italy,49
692,2011-05-01,Italy,35
693,2011-06-01,Italy,84
694,2011-07-01,Italy,26
695,2011-08-01,Italy,53
696,2011-09-01,Italy,46
697,2011-10-01,Italy,23
698,2011-11-01,Italy,15
699,2011-12-01,Italy,11
700,2012-01-01,Italy,17
701,2012-02-01,Italy,34
702,2012-03-01,Italy,10
703,2012-04-01,Italy,56
704,2012-05-01,Italy,126
705,2012-06-01,Italy,129
706,2012-07-01,Italy,100
707,2012-08-01,Italy,130
708,2012-09-01,Italy,33
709,2012-10-01,Italy,23
710,2012-11-01,Italy,14
711,2012-12-01,Italy,28
712,2013-01-01,Italy,27
713,2013-02-01,Italy,11
714,2013-03-01,Italy,42
715,2013-04-01,Italy,128
716,2013-05-01,Italy,224
717,2013-06-01,Italy,184
718,2013-07-01,Italy,152
719,2013-08-01,Italy,183
720,2013-09-01,Italy,33
721,2013-10-01,Italy,30
722,2013-11-01,Italy,37
723,2013-12-01,Italy,57
724,2014-01-01,Italy,38
725,2014-02-01,Italy,11
726,2014-03-01,Italy,20
727,2014-04-01,Italy,146
728,2014-05-01,Italy,157
729,2014-06-01,Italy,172
730,2014-07-01,Italy,74
731,2014-08-01,Italy,172
732,2014-09-01,Italy,32
733,2014-10-01,Italy,9
734,2014-11-01,Italy,13
735,2014-12-01,Italy,55
736,2015-01-01,Italy,20
737,2015-02-01,Italy,21
738,2015-03-01,Italy,45
739,2015-04-01,Italy,124
740,2015-05-01,Italy,182
741,2015-06-01,Italy,142
742,2015-07-01,Italy,69
743,2015-08-01,Italy,144
744,2015-09-01,Italy,67
745,2015-10-01,Italy,51
746,2015-11-01,Italy,10
747,2015-12-01,Italy,13
748,2016-01-01,Italy,17
749,2016-02-01,Italy,13
750,2016-03-01,Italy,50
751,2016-04-01,Italy,137
752,2016-05-01,Italy,135
753,2016-06-01,Italy,179
754,2016-07-01,Italy,111
755,2016-08-01,Italy,166
756,2016-09-01,Italy,34
757,2016-10-01,Italy,123
758,2016-11-01,Italy,168
759,2016-12-01,Italy,250
760,2017-01-01,Italy,294
761,2017-02-01,Italy,24
762,2017-03-01,Italy,43
763,2017-04-01,Italy,179
764,2017-05-01,Italy,183
765,2017-06-01,Italy,225
766,2017-07-01,Italy,70
767,2017-08-01,Italy,59
768,2017-09-01,Italy,43
769,2017-10-01,Italy,54
770,2017-11-01,Italy,83
771,2017-12-01,Italy,73
772,2018-01-01,Italy,24
773,2018-02-01,Italy,21
774,2018-03-01,Italy,43
775,2018-04-01,Italy,162
776,2018-05-01,Italy,229
777,2018-06-01,Italy,169
778,2018-07-01,Italy,157
779,2018-08-01,Italy,112
780,2018-09-01,Italy,40
781,2018-10-01,Italy,17
782,2018-11-01,Italy,146
783,2018-12-01,Italy,68
784,2019-01-01,Italy,92
785,2019-02-01,Italy,20
786,2019-03-01,Italy,47
787,2019-04-01,Italy,137
788,2019-05-01,Italy,112
789,2019-06-01,Italy,148
790,2019-07-01,Italy,135
791,2019-08-01,Italy,93
792,2019-09-01,Italy,46
793,2019-10-01,Italy,26
794,2019-11-01,Italy,81
795,2019-12-01,Italy,98
796,2020-01-01,Italy,52
797,2020-02-01,Italy,21
798,2020-03-01,Italy,54
799,2020-04-01,Italy,425
800,2020-05-01,Italy,441
801,2020-06-01,Italy,379
802,2020-07-01,Italy,130
803,2020-08-01,Italy,136
804,2020-09-01,Italy,147
805,2020-10-01,Italy,47
806,2020-11-01,Italy,26
807,2020-12-01,Italy,102
808,2021-01-01,Italy,153
809,2021-02-01,Italy,60
810,2021-03-01,Italy,45
811,2021-04-01,Italy,145
812,2021-05-01,Italy,144
813,2021-06-01,Italy,120
814,2021-07-01,Italy,93
815,2021-08-01,Italy,89
816,2021-09-01,Italy,49
817,2021-10-01,Italy,35
818,2021-11-01,Italy,155
819,2021-12-01,Italy,233
820,2022-01-01,Italy,141
821,2022-02-01,Italy,45
822,2022-03-01,Italy,59
823,2022-04-01,Italy,91
824,2022-05-01,Italy,74
825,2022-06-01,Italy,55
826,2022-07-01,Italy,55
827,2022-08-01,Italy,107
828,2022-09-01,Italy,54
829,2022-10-01,Italy,97
830,2022-11-01,Italy,42
831,2022-12-01,Italy,269
832,2023-01-01,Italy,31
833,2023-02-01,Italy,36
834,2000-01-01,Austria,386
835,2000-02-01,Austria,417
836,2000-03-01,Austria,384
837,2000-04-01,Austria,385
838,2000-05-01,Austria,283
839,2000-06-01,Austria,207
840,2000-07-01,Austria,290
841,2000-08-01,Austria,250
842,2000-09-01,Austria,424
843,2000-10-01,Austria,441
844,2000-11-01,Austria,334
845,2000-12-01,Austria,388
846,2001-01-01,Austria,399
847,2001-02-01,Austria,348
848,2001-03-01,Austria,295
849,2001-04-01,Austria,390
850,2001-05-01,Austria,212
851,2001-06-01,Austria,111
852,2001-07-01,Austria,53
853,2001-08-01,Austria,72
854,2001-09-01,Austria,420
855,2001-10-01,Austria,303
856,2001-11-01,Austria,463
857,2001-12-01,Austria,571
858,2002-01-01,Austria,509
859,2002-02-01,Austria,476
860,2002-03-01,Austria,423
861,2002-04-01,Austria,454
862,2002-05-01,Austria,310
863,2002-06-01,Austria,208
864,2002-07-01,Austria,142
865,2002-08-01,Austria,255
866,2002-09-01,Austria,394
867,2002-10-01,Austria,360
868,2002-11-01,Austria,254
869,2002-12-01,Austria,432
870,2003-01-01,Austria,453
871,2003-02-01,Austria,329
872,2003-03-01,Austria,376
873,2003-04-01,Austria,431
874,2003-05-01,Austria,220
875,2003-06-01,Austria,226
876,2003-07-01,Austria,171
877,2003-08-01,Austria,287
878,2003-09-01,Austria,421
879,2003-10-01,Austria,469
880,2003-11-01,Austria,273
881,2003-12-01,Austria,404
882,2004-01-01,Austria,445
883,2004-02-01,Austria,537
884,2004-03-01,Austria,518
885,2004-04-01,Austria,469
886,2004-05-01,Austria,276
887,2004-06-01,Austria,315
888,2004-07-01,Austria,181
889,2004-08-01,Austria,177
890,2004-09-01,Austria,311
891,2004-10-01,Austria,293
892,2004-11-01,Austria,390
893,2004-12-01,Austria,539
894,2005-01-01,Austria,735
895,2005-02-01,Austria,831
896,2005-03-01,Austria,916
897,2005-04-01,Austria,910
898,2005-05-01,Austria,762
899,2005-06-01,Austria,774
900,2005-07-01,Austria,741
901,2005-08-01,Austria,527
902,2005-09-01,Austria,617
903,2005-10-01,Austria,866
904,2005-11-01,Austria,647
905,2005-12-01,Austria,919
906,2006-01-01,Austria,765
907,2006-02-01,Austria,697
908,2006-03-01,Austria,707
909,2006-04-01,Austria,623
910,2006-05-01,Austria,385
911,2006-06-01,Austria,705
912,2006-07-01,Austria,522
913,2006-08-01,Austria,500
914,2006-09-01,Austria,496
915,2006-10-01,Austria,625
916,2006-11-01,Austria,620
917,2006-12-01,Austria,785
918,2007-01-01,Austria,917
919,2007-02-01,Austria,705
920,2007-03-01,Austria,871
921,2007-04-01,Austria,891
922,2007-05-01,Austria,643
923,2007-06-01,Austria,371
924,2007-07-01,Austria,411
925,2007-08-01,Austria,315
926,2007-09-01,Austria,731
927,2007-10-01,Austria,702
928,2007-11-01,Austria,905
929,2007-12-01,Austria,915
930,2008-01-01,Austria,801
931,2008-02-01,Austria,759
932,2008-03-01,Austria,858
933,2008-04-01,Austria,835
934,2008-05-01,Austria,641
935,2008-06-01,Austria,353
936,2008-07-01,Austria,457
937,2008-08-01,Austria,568
938,2008-09-01,Austria,350
939,2008-10-01,Austria,559
940,2008-11-01,Austria,637
941,2008-12-01,Austria,833
942,2009-01-01,Austria,701
943,2009-02-01,Austria,696
944,2009-03-01,Austria,742
945,2009-04-01,Austria,784
946,2009-05-01,Austria,583
947,2009-06-01,Austria,789
948,2009-07-01,Austria,555
949,2009-08-01,Austria,627
950,2009-09-01,Austria,789
951,2009-10-01,Austria,807
952,2009-11-01,Austria,870
953,2009-12-01,Austria,943
954,2010-01-01,Austria,887
955,2010-02-01,Austria,770
956,2010-03-01,Austria,840
957,2010-04-01,Austria,722
958,2010-05-01,Austria,633
959,2010-06-01,Austria,505
960,2010-07-01,Austria,480
961,2010-08-01,Austria,469
962,2010-09-01,Austria,645
963,2010-10-01,Austria,634
964,2010-11-01,Austria,749
965,2010-12-01,Austria,842
966,2011-01-01,Austria,910
967,2011-02-01,Austria,851
968,2011-03-01,Austria,798
969,2011-04-01,Austria,618
970,2011-05-01,Austria,363
971,2011-06-01,Austria,635
972,2011-07-01,Austria,450
973,2011-08-01,Austria,455
974,2011-09-01,Austria,297
975,2011-10-01,Austria,768
976,2011-11-01,Austria,753
977,2011-12-01,Austria,725
978,2012-01-01,Austria,887
979,2012-02-01,Austria,885
980,2012-03-01,Austria,1026
981,2012-04-01,Austria,628
982,2012-05-01,Austria,374
983,2012-06-01,Austria,598
984,2012-07-01,Austria,385
985,2012-08-01,Austria,297
986,2012-09-01,Austria,696
987,2012-10-01,Austria,869
988,2012-11-01,Austria,828
989,2012-12-01,Austria,617
990,2013-01-01,Austria,794
991,2013-02-01,Austria,870
992,2013-03-01,Austria,857
993,2013-04-01,Austria,581
994,2013-05-01,Austria,521
995,2013-06-01,Austria,429
996,2013-07-01,Austria,340
997,2013-08-01,Austria,217
998,2013-09-01,Austria,546
999,2013-10-01,Austria,682
1000,2013-11-01,Austria,765
1001,2013-12-01,Austria,648
1002,2014-01-01,Austria,544
1003,2014-02-01,Austria,736
1004,2014-03-01,Austria,776
1005,2014-04-01,Austria,340
1006,2014-05-01,Austria,355
1007,2014-06-01,Austria,294
1008,2014-07-01,Austria,109
1009,2014-08-01,Austria,188
1010,2014-09-01,Austria,616
1011,2014-10-01,Austria,694
1012,2014-11-01,Austria,505
1013,2014-12-01,Austria,661
1014,2015-01-01,Austria,857
1015,2015-02-01,Austria,780
1016,2015-03-01,Austria,831
1017,2015-04-01,Austria,780
1018,2015-05-01,Austria,347
1019,2015-06-01,Austria,427
1020,2015-07-01,Austria,311
1021,2015-08-01,Austria,360
1022,2015-09-01,Austria,486
1023,2015-10-01,Austria,576
1024,2015-11-01,Austria,605
1025,2015-12-01,Austria,646
1026,2016-01-01,Austria,588
1027,2016-02-01,Austria,780
1028,2016-03-01,Austria,899
1029,2016-04-01,Austria,484
1030,2016-05-01,Austria,475
1031,2016-06-01,Austria,279
1032,2016-07-01,Austria,545
1033,2016-08-01,Austria,646
1034,2016-09-01,Austria,552
1035,2016-10-01,Austria,516
1036,2016-11-01,Austria,658
1037,2016-12-01,Austria,457
1038,2017-01-01,Austria,442
1039,2017-02-01,Austria,576
1040,2017-03-01,Austria,793
1041,2017-04-01,Austria,568
1042,2017-05-01,Austria,412
1043,2017-06-01,Austria,372
1044,2017-07-01,Austria,412
1045,2017-08-01,Austria,522
1046,2017-09-01,Austria,607
1047,2017-10-01,Austria,756
1048,2017-11-01,Austria,781
1049,2017-12-01,Austria,776
1050,2018-01-01,Austria,679
1051,2018-02-01,Austria,738
1052,2018-03-01,Austria,702
1053,2018-04-01,Austria,520
1054,2018-05-01,Austria,147
1055,2018-06-01,Austria,154
1056,2018-07-01,Austria,336
1057,2018-08-01,Austria,196
1058,2018-09-01,Austria,276
1059,2018-10-01,Austria,519
1060,2018-11-01,Austria,553
1061,2018-12-01,Austria,774
1062,2019-01-01,Austria,738
1063,2019-02-01,Austria,786
1064,2019-03-01,Austria,822
1065,2019-04-01,Austria,392
1066,2019-05-01,Austria,344
1067,2019-06-01,Austria,387
1068,2019-07-01,Austria,243
1069,2019-08-01,Austria,111
1070,2019-09-01,Austria,264
1071,2019-10-01,Austria,371
1072,2019-11-01,Austria,499
1073,2019-12-01,Austria,357
1074,2020-01-01,Austria,389
1075,2020-02-01,Austria,449
1076,2020-03-01,Austria,336
1077,2020-04-01,Austria,99
1078,2020-05-01,Austria,78
1079,2020-06-01,Austria,157
1080,2020-07-01,Austria,270
1081,2020-08-01,Austria,323
1082,2020-09-01,Austria,374
1083,2020-10-01,Austria,569
1084,2020-11-01,Austria,524
1085,2020-12-01,Austria,581
1086,2021-01-01,Austria,648
1087,2021-02-01,Austria,541
1088,2021-03-01,Austria,501
1089,2021-04-01,Austria,233
1090,2021-05-01,Austria,199
1091,2021-06-01,Austria,190
1092,2021-07-01,Austria,146
1093,2021-08-01,Austria,426
1094,2021-09-01,Austria,214
1095,2021-10-01,Austria,124
1096,2021-11-01,Austria,283
1097,2021-12-01,Austria,479
1098,2022-01-01,Austria,566
1099,2022-02-01,Austria,584
1100,2022-03-01,Austria,716
1101,2022-04-01,Austria,561
1102,2022-05-01,Austria,218
1103,2022-06-01,Austria,225
1104,2022-07-01,Austria,419
1105,2022-08-01,Austria,432
1106,2022-09-01,Austria,172
1107,2022-10-01,Austria,116
1108,2022-11-01,Austria,512
1109,2022-12-01,Austria,519
1110,2023-01-01,Austria,634
1111,2023-02-01,Austria,785
1112,2000-01-01,Liechtenstein,0
1113,2000-02-01,Liechtenstein,0
1114,2000-03-01,Liechtenstein,0
1115,2000-04-01,Liechtenstein,0
1116,2000-05-01,Liechtenstein,0
1117,2000-06-01,Liechtenstein,0
1118,2000-07-01,Liechtenstein,0
1119,2000-08-01,Liechtenstein,0
1120,2000-09-01,Liechtenstein,0
1121,2000-10-01,Liechtenstein,0
1122,2000-11-01,Liechtenstein,0
1123,2000-12-01,Liechtenstein,0
1124,2001-01-01,Liechtenstein,0
1125,2001-02-01,Liechtenstein,0
1126,2001-03-01,Liechtenstein,0
1127,2001-04-01,Liechtenstein,0
1128,2001-05-01,Liechtenstein,0
1129,2001-06-01,Liechtenstein,0
1130,2001-07-01,Liechtenstein,0
1131,2001-08-01,Liechtenstein,0
1132,2001-09-01,Liechtenstein,0
1133,2001-10-01,Liechtenstein,0
1134,2001-11-01,Liechtenstein,0
1135,2001-12-01,Liechtenstein,0
1136,2002-01-01,Liechtenstein,0
1137,2002-02-01,Liechtenstein,0
1138,2002-03-01,Liechtenstein,0
1139,2002-04-01,Liechtenstein,0
1140,2002-05-01,Liechtenstein,0
1141,2002-06-01,Liechtenstein,0
1142,2002-07-01,Liechtenstein,0
1143,2002-08-01,Liechtenstein,0
1144,2002-09-01,Liechtenstein,0
1145,2002-10-01,Liechtenstein,0
1146,2002-11-01,Liechtenstein,0
1147,2002-12-01,Liechtenstein,0
1148,2003-01-01,Liechtenstein,0
1149,2003-02-01,Liechtenstein,0
1150,2003-03-01,Liechtenstein,0
1151,2003-04-01,Liechtenstein,0
1152,2003-05-01,Liechtenstein,0
1153,2003-06-01,Liechtenstein,0
1154,2003-07-01,Liechtenstein,0
1155,2003-08-01,Liechtenstein,0
1156,2003-09-01,Liechtenstein,0
1157,2003-10-01,Liechtenstein,0
1158,2003-11-01,Liechtenstein,0
1159,2003-12-01,Liechtenstein,0
1160,2004-01-01,Liechtenstein,0
1161,2004-02-01,Liechtenstein,0
1162,2004-03-01,Liechtenstein,0
1163,2004-04-01,Liechtenstein,0
1164,2004-05-01,Liechtenstein,0
1165,2004-06-01,Liechtenstein,0
1166,2004-07-01,Liechtenstein,0
1167,2004-08-01,Liechtenstein,0
1168,2004-09-01,Liechtenstein,0
1169,2004-10-01,Liechtenstein,0
1170,2004-11-01,Liechtenstein,0
1171,2004-12-01,Liechtenstein,0
1172,2005-01-01,Liechtenstein,0
1173,2005-02-01,Liechtenstein,0
1174,2005-03-01,Liechtenstein,0
1175,2005-04-01,Liechtenstein,0
1176,2005-05-01,Liechtenstein,0
1177,2005-06-01,Liechtenstein,0
1178,2005-07-01,Liechtenstein,0
1179,2005-08-01,Liechtenstein,0
1180,2005-09-01,Liechtenstein,0
1181,2005-10-01,Liechtenstein,0
1182,2005-11-01,Liechtenstein,0
1183,2005-12-01,Liechtenstein,0
1184,2006-01-01,Liechtenstein,0
1185,2006-02-01,Liechtenstein,0
1186,2006-03-01,Liechtenstein,0
1187,2006-04-01,Liechtenstein,0
1188,2006-05-01,Liechtenstein,0
1189,2006-06-01,Liechtenstein,0
1190,2006-07-01,Liechtenstein,0
1191,2006-08-01,Liechtenstein,0
1192,2006-09-01,Liechtenstein,0
1193,2006-10-01,Liechtenstein,0
1194,2006-11-01,Liechtenstein,0
1195,2006-12-01,Liechtenstein,0
1196,2007-01-01,Liechtenstein,0
1197,2007-02-01,Liechtenstein,0
1198,2007-03-01,Liechtenstein,0
1199,2007-04-01,Liechtenstein,0
1200,2007-05-01,Liechtenstein,0
1201,2007-06-01,Liechtenstein,0
1202,2007-07-01,Liechtenstein,0
1203,2007-08-01,Liechtenstein,0
1204,2007-09-01,Liechtenstein,0
1205,2007-10-01,Liechtenstein,0
1206,2007-11-01,Liechtenstein,0
1207,2007-12-01,Liechtenstein,0
1208,2008-01-01,Liechtenstein,0
1209,2008-02-01,Liechtenstein,0
1210,2008-03-01,Liechtenstein,0
1211,2008-04-01,Liechtenstein,0
1212,2008-05-01,Liechtenstein,0
1213,2008-06-01,Liechtenstein,0
1214,2008-07-01,Liechtenstein,0
1215,2008-08-01,Liechtenstein,0
1216,2008-09-01,Liechtenstein,0
1217,2008-10-01,Liechtenstein,0
1218,2008-11-01,Liechtenstein,0
1219,2008-12-01,Liechtenstein,0
1220,2009-01-01,Liechtenstein,0
1221,2009-02-01,Liechtenstein,0
1222,2009-03-01,Liechtenstein,0
1223,2009-04-01,Liechtenstein,0
1224,2009-05-01,Liechtenstein,0
1225,2009-06-01,Liechtenstein,0
1226,2009-07-01,Liechtenstein,0
1227,2009-08-01,Liechtenstein,0
1228,2009-09-01,Liechtenstein,0
1229,2009-10-01,Liechtenstein,0
1230,2009-11-01,Liechtenstein,0
1231,2009-12-01,Liechtenstein,0
1232,2010-01-01,Liechtenstein,0
1233,2010-02-01,Liechtenstein,0
1234,2010-03-01,Liechtenstein,0
1235,2010-04-01,Liechtenstein,0
1236,2010-05-01,Liechtenstein,0
1237,2010-06-01,Liechtenstein,0
1238,2010-07-01,Liechtenstein,0
1239,2010-08-01,Liechtenstein,0
1240,2010-09-01,Liechtenstein,0
1241,2010-10-01,Liechtenstein,0
1242,2010-11-01,Liechtenstein,0
1243,2010-12-01,Liechtenstein,0
1244,2011-01-01,Liechtenstein,0
1245,2011-02-01,Liechtenstein,0
1246,2011-03-01,Liechtenstein,0
1247,2011-04-01,Liechtenstein,0
1248,2011-05-01,Liechtenstein,0
1249,2011-06-01,Liechtenstein,0
1250,2011-07-01,Liechtenstein,0
1251,2011-08-01,Liechtenstein,0
1252,2011-09-01,Liechtenstein,0
1253,2011-10-01,Liechtenstein,0
1254,2011-11-01,Liechtenstein,0
1255,2011-12-01,Liechtenstein,0
1256,2012-01-01,Liechtenstein,0
1257,2012-02-01,Liechtenstein,0
1258,2012-03-01,Liechtenstein,0
1259,2012-04-01,Liechtenstein,2
1260,2012-05-01,Liechtenstein,7
1261,2012-06-01,Liechtenstein,5
1262,2012-07-01,Liechtenstein,3
1263,2012-08-01,Liechtenstein,2
1264,2012-09-01,Liechtenstein,2
1265,2012-10-01,Liechtenstein,0
1266,2012-11-01,Liechtenstein,0
1267,2012-12-01,Liechtenstein,0
1268,2013-01-01,Liechtenstein,0
1269,2013-02-01,Liechtenstein,0
1270,2013-03-01,Liechtenstein,0
1271,2013-04-01,Liechtenstein,0
1272,2013-05-01,Liechtenstein,6
1273,2013-06-01,Liechtenstein,4
1274,2013-07-01,Liechtenstein,4
1275,2013-08-01,Liechtenstein,3
1276,2013-09-01,Liechtenstein,1
1277,2013-10-01,Liechtenstein,0
1278,2013-11-01,Liechtenstein,0
1279,2013-12-01,Liechtenstein,0
1280,2014-01-01,Liechtenstein,0
1281,2014-02-01,Liechtenstein,0
1282,2014-03-01,Liechtenstein,0
1283,2014-04-01,Liechtenstein,0
1284,2014-05-01,Liechtenstein,0
1285,2014-06-01,Liechtenstein,0
1286,2014-07-01,Liechtenstein,0
1287,2014-08-01,Liechtenstein,0
1288,2014-09-01,Liechtenstein,0
1289,2014-10-01,Liechtenstein,0
1290,2014-11-01,Liechtenstein,0
1291,2014-12-01,Liechtenstein,0
1292,2015-01-01,Liechtenstein,0
1293,2015-02-01,Liechtenstein,0
1294,2015-03-01,Liechtenstein,0
1295,2015-04-01,Liechtenstein,0
1296,2015-05-01,Liechtenstein,4
1297,2015-06-01,Liechtenstein,5
1298,2015-07-01,Liechtenstein,2
1299,2015-08-01,Liechtenstein,2
1300,2015-09-01,Liechtenstein,1
1301,2015-10-01,Liechtenstein,0
1302,2015-11-01,Liechtenstein,0
1303,2015-12-01,Liechtenstein,0
1304,2016-01-01,Liechtenstein,0
1305,2016-02-01,Liechtenstein,0
1306,2016-03-01,Liechtenstein,0
1307,2016-04-01,Liechtenstein,3
1308,2016-05-01,Liechtenstein,7
1309,2016-06-01,Liechtenstein,4
1310,2016-07-01,Liechtenstein,7
1311,2016-08-01,Liechtenstein,0
1312,2016-09-01,Liechtenstein,0
1313,2016-10-01,Liechtenstein,0
1314,2016-11-01,Liechtenstein,0
1315,2016-12-01,Liechtenstein,0
1316,2017-01-01,Liechtenstein,0
1317,2017-02-01,Liechtenstein,0
1318,2017-03-01,Liechtenstein,0
1319,2017-04-01,Liechtenstein,2
1320,2017-05-01,Liechtenstein,0
1321,2017-06-01,Liechtenstein,0
1322,2017-07-01,Liechtenstein,4
1323,2017-08-01,Liechtenstein,3
1324,2017-09-01,Liechtenstein,1
1325,2017-10-01,Liechtenstein,0
1326,2017-11-01,Liechtenstein,0
1327,2017-12-01,Liechtenstein,0
1328,2018-01-01,Liechtenstein,0
1329,2018-02-01,Liechtenstein,0
1330,2018-03-01,Liechtenstein,0
1331,2018-04-01,Liechtenstein,5
1332,2018-05-01,Liechtenstein,8
1333,2018-06-01,Liechtenstein,0
1334,2018-07-01,Liechtenstein,1
1335,2018-08-01,Liechtenstein,0
1336,2018-09-01,Liechtenstein,1
1337,2018-10-01,Liechtenstein,0
1338,2018-11-01,Liechtenstein,0
1339,2018-12-01,Liechtenstein,0
1340,2019-01-01,Liechtenstein,0
1341,2019-02-01,Liechtenstein,0
1342,2019-03-01,Liechtenstein,0
1343,2019-04-01,Liechtenstein,1
1344,2019-05-01,Liechtenstein,5
1345,2019-06-01,Liechtenstein,9
1346,2019-07-01,Liechtenstein,4
1347,2019-08-01,Liechtenstein,5
1348,2019-09-01,Liechtenstein,1
1349,2019-10-01,Liechtenstein,0
1350,2019-11-01,Liechtenstein,0
1351,2019-12-01,Liechtenstein,0
1352,2020-01-01,Liechtenstein,0
1353,2020-02-01,Liechtenstein,0
1354,2020-03-01,Liechtenstein,0
1355,2020-04-01,Liechtenstein,6
1356,2020-05-01,Liechtenstein,9
1357,2020-06-01,Liechtenstein,7
1358,2020-07-01,Liechtenstein,5
1359,2020-08-01,Liechtenstein,4
1360,2020-09-01,Liechtenstein,2
1361,2020-10-01,Liechtenstein,0
1362,2020-11-01,Liechtenstein,0
1363,2020-12-01,Liechtenstein,0
1364,2021-01-01,Liechtenstein,0
1365,2021-02-01,Liechtenstein,0
1366,2021-03-01,Liechtenstein,0
1367,2021-04-01,Liechtenstein,1
1368,2021-05-01,Liechtenstein,6
1369,2021-06-01,Liechtenstein,7
1370,2021-07-01,Liechtenstein,7
1371,2021-08-01,Liechtenstein,7
1372,2021-09-01,Liechtenstein,2
1373,2021-10-01,Liechtenstein,0
1374,2021-11-01,Liechtenstein,0
1375,2021-12-01,Liechtenstein,0
1376,2022-01-01,Liechtenstein,0
1377,2022-02-01,Liechtenstein,0
1378,2022-03-01,Liechtenstein,0
1379,2022-04-01,Liechtenstein,2
1380,2022-05-01,Liechtenstein,3
1381,2022-06-01,Liechtenstein,4
1382,2022-07-01,Liechtenstein,4
1383,2022-08-01,Liechtenstein,2
1384,2022-09-01,Liechtenstein,1
1385,2022-10-01,Liechtenstein,2
1386,2022-11-01,Liechtenstein,0
1387,2022-12-01,Liechtenstein,0
1388,2023-01-01,Liechtenstein,0
1389,2023-02-01,Liechtenstein,0
