,monate,Gas_Verbrauchstyp_1_kWh,Gas_Verbrauchstyp_2_kWh,Gas_Verbrauchstyp_3_kWh,Gas_Verbrauchstyp_4_kWh,Gas_Verbrauchstyp_5_kWh,Elektrizität_Verbrauchstyp_1_kWh,Elektrizität_Verbrauchstyp_2_kWh,Elektrizität_Verbrauchstyp_3_kWh,Elektrizität_Verbrauchstyp_4_kWh,Elektrizität_Verbrauchstyp_5_kWh,Elektrizität_Verbrauchstyp_6_kWh,Elektrizität_Verbrauchstyp_7_kWh,HeizölBM_800_1500_100l,Heizöl_BM_1501_3000_100l,Heizöl_BM_3001_6000_100l,Heizöl_BM_6001_9000_100l,Heizöl_BM_9001_14_000_100l,Heizöl_BM_14_001_20000_100l,Heizöl_BM_20000_plus_100l,Holz_6t,Bleifrei_95,Bleifrei_98,Diesel
0,1993-01-01,,,,,,,,,,,,,,,,,,,,,0.96,,
1,1993-02-01,,,,,,,,,,,,,,,,,,,,,0.96,,
2,1993-03-01,,,,,,,,,,,,,,,,,,,,,1.03,,
3,1993-04-01,,,,,,,,,,,,,,,,,,,,,1.19,,
4,1993-05-01,,,,,,,,,,,,,,,,,,,,,1.2,1.25,1.26
5,1993-06-01,,,,,,,,,,,,,,,,,,,,,1.2,1.24,1.26
6,1993-07-01,,,,,,,,,,,,,,,,,,,,,1.19,1.24,1.25
7,1993-08-01,,,,,,,,,,,,,,,,,,,,,1.19,1.24,1.25
8,1993-09-01,,,,,,,,,,,,,,,,,,,,,1.18,1.23,1.24
9,1993-10-01,,,,,,,,,,,,,,,,,,,,,1.16,1.21,1.22
10,1993-11-01,,,,,,,,,,,,,,,,,,,,,1.16,1.22,1.23
11,1993-12-01,,,,,,,,,,,,,,,,,,,,,1.15,1.21,1.24
12,1994-01-01,,,,,,,,,,,,,,,,,,,,,1.14,1.19,1.24
13,1994-02-01,,,,,,,,,,,,,,,,,,,,,1.14,1.19,1.23
14,1994-03-01,,,,,,,,,,,,,,,,,,,,,1.14,1.19,1.23
15,1994-04-01,,,,,,,,,,,,,,,,,,,,,1.14,1.19,1.22
16,1994-05-01,,,,,,,,,,,,,,,,,,,,,1.16,1.21,1.22
17,1994-06-01,,,,,,,,,,,,,,,,,,,,,1.17,1.21,1.23
18,1994-07-01,,,,,,,,,,,,,,,,,,,,,1.17,1.22,1.22
19,1994-08-01,,,,,,,,,,,,,,,,,,,,,1.17,1.22,1.23
20,1994-09-01,,,,,,,,,,,,,,,,,,,,,1.17,1.21,1.21
21,1994-10-01,,,,,,,,,,,,,,,,,,,,,1.14,1.19,1.2
22,1994-11-01,,,,,,,,,,,,,,,,,,,,,1.16,1.2,1.21
23,1994-12-01,,,,,,,,,,,,,,,,,,,,,1.16,1.2,1.21
24,1995-01-01,,,,,,,,,,,,,,,,,,,,,1.14,1.18,1.21
25,1995-02-01,,,,,,,,,,,,,,,,,,,,,1.15,1.19,1.21
26,1995-03-01,,,,,,,,,,,,,,,,,,,,,1.15,1.19,1.2
27,1995-04-01,,,,,,,,,,,,,,,,,,,,,1.14,1.19,1.2
28,1995-05-01,,,,,,,,,,,,,,,,,,,,,1.15,1.19,1.2
29,1995-06-01,,,,,,,,,,,,,,,,,,,,,1.17,1.21,1.2
30,1995-07-01,,,,,,,,,,,,,,,,,,,,,1.15,1.19,1.19
31,1995-08-01,,,,,,,,,,,,,,,,,,,,,1.13,1.17,1.18
32,1995-09-01,,,,,,,,,,,,,,,,,,,,,1.14,1.18,1.19
33,1995-10-01,,,,,,,,,,,,,,,,,,,,,1.13,1.17,1.18
34,1995-11-01,,,,,,,,,,,,,,,,,,,,,1.12,1.16,1.18
35,1995-12-01,,,,,,,,,,,,,,,,,,,,,1.13,1.17,1.18
36,1996-01-01,,,,,,,,,,,,,,,,,,,,,1.13,1.17,1.19
37,1996-02-01,,,,,,,,,,,,,,,,,,,,,1.12,1.16,1.19
38,1996-03-01,,,,,,,,,,,,,,,,,,,,,1.13,1.17,1.21
39,1996-04-01,,,,,,,,,,,,,,,,,,,,,1.16,1.19,1.23
40,1996-05-01,,,,,,,,,,,,,,,,,,,,,1.18,1.21,1.22
41,1996-06-01,,,,,,,,,,,,,,,,,,,,,1.18,1.22,1.23
42,1996-07-01,,,,,,,,,,,,,,,,,,,,,1.14,1.18,1.22
43,1996-08-01,,,,,,,,,,,,,,,,,,,,,1.15,1.18,1.22
44,1996-09-01,,,,,,,,,,,,,,,,,,,,,1.16,1.2,1.23
45,1996-10-01,,,,,,,,,,,,,,,,,,,,,1.19,1.22,1.27
46,1996-11-01,,,,,,,,,,,,,,,,,,,,,1.22,1.25,1.32
47,1996-12-01,,,,,,,,,,,,,,,,,,,,,1.21,1.24,1.31
48,1997-01-01,,,,,,,,,,,,,,,,,,,,,1.21,1.25,1.32
49,1997-02-01,,,,,,,,,,,,,,,,,,,,,1.23,1.26,1.34
50,1997-03-01,,,,,,,,,,,,,,,,,,,,,1.22,1.25,1.3
51,1997-04-01,,,,,,,,,,,,,,,,,,,,,1.23,1.26,1.29
52,1997-05-01,,,,,,,,,,,,,,,,,,,,,1.2,1.23,1.27
53,1997-06-01,,,,,,,,,,,,,,,,,,,,,1.21,1.24,1.27
54,1997-07-01,,,,,,,,,,,,,,,,,,,,,1.19,1.22,1.26
55,1997-08-01,,,,,,,,,,,,,,,,,,,,,1.24,1.27,1.28
56,1997-09-01,,,,,,,,,,,,,,,,,,,,,1.24,1.27,1.26
57,1997-10-01,,,,,,,,,,,,,,,,,,,,,1.24,1.27,1.27
58,1997-11-01,,,,,,,,,,,,,,,,,,,,,1.24,1.27,1.3
59,1997-12-01,,,,,,,,,,,,,,,,,,,,,1.21,1.24,1.3
60,1998-01-01,,,,,,,,,,,,,,,,,,,,,1.19,1.22,1.27
61,1998-02-01,,,,,,,,,,,,,,,,,,,,,1.19,1.22,1.25
62,1998-03-01,,,,,,,,,,,,,,,,,,,,,1.17,1.2,1.23
63,1998-04-01,,,,,,,,,,,,,,,,,,,,,1.17,1.2,1.22
64,1998-05-01,,,,,,,,,,,,,,,,,,,,,1.16,1.2,1.22
65,1998-06-01,,,,,,,,,,,,,,,,,,,,,1.16,1.2,1.21
66,1998-07-01,,,,,,,,,,,,,,,,,,,,,1.16,1.2,1.21
67,1998-08-01,,,,,,,,,,,,,,,,,,,,,1.16,1.19,1.2
68,1998-09-01,,,,,,,,,,,,,,,,,,,,,1.15,1.18,1.18
69,1998-10-01,,,,,,,,,,,,,,,,,,,,,1.14,1.17,1.19
70,1998-11-01,,,,,,,,,,,,,,,,,,,,,1.14,1.17,1.19
71,1998-12-01,,,,,,,,,,,,,,,,,,,,,1.13,1.16,1.17
72,1999-01-01,,,,,,,,,,,,,,,,,,,,,1.12,1.15,1.16
73,1999-02-01,,,,,,,,,,,,,,,,,,,,,1.12,1.15,1.16
74,1999-03-01,,,,,,,,,,,,,,,,,,,,,1.12,1.15,1.16
75,1999-04-01,,,,,,,,,,,,,,,,,,,,,1.16,1.19,1.21
76,1999-05-01,,,,,,,,,,,,,,,,,,,,,1.18,1.21,1.23
77,1999-06-01,,,,,,,,,,,,,,,,,,,,,1.17,1.21,1.21
78,1999-07-01,,,,,,,,,,,,,,,,,,,,,1.19,1.22,1.22
79,1999-08-01,,,,,,,,,,,,,,,,,,,,,1.21,1.25,1.25
80,1999-09-01,,,,,,,,,,,,,,,,,,,,,1.25,1.28,1.27
81,1999-10-01,,,,,,,,,,,,,,,,,,,,,1.26,1.3,1.29
82,1999-11-01,,,,,,,,,,,,,,,,,,,,,1.26,1.29,1.29
83,1999-12-01,,,,,,,,,,,,,,,,,,,,,1.31,1.34,1.37
84,2000-01-01,,,,,,,,,,,,,,,,,,,,,1.31,1.34,1.37
85,2000-02-01,,,,,,,,,,,,,,,,,,,,,1.31,1.34,1.37
86,2000-03-01,,,,,,,,,,,,,,,,,,,,,1.36,1.39,1.38
87,2000-04-01,,,,,,,,,,,,,,,,,,,,,1.39,1.42,1.37
88,2000-05-01,0.1977,0.0577,0.0527,0.0513,0.0492,0.2707,0.245,0.1811,0.2252,0.176,0.1321,0.1687,56.01,48.93,45.84,44.25,43.15,42.34,41.56,,1.37,1.4,1.38
89,2000-06-01,0.1979,0.0579,0.0529,0.0514,0.0493,0.2707,0.245,0.1811,0.2252,0.176,0.1321,0.1687,56.43,49.58,46.45,45.15,44.05,43.22,42.72,,1.49,1.55,1.41
90,2000-07-01,0.1983,0.0582,0.0532,0.0517,0.0496,0.2726,0.2464,0.1822,0.2266,0.1771,0.133,0.1698,58.66,52.37,48.9,47.61,46.41,45.66,45.34,,1.5,1.57,1.42
91,2000-08-01,0.1987,0.0587,0.0537,0.0523,0.0501,0.2705,0.2447,0.1812,0.2251,0.1762,0.1327,0.1694,58.77,51.97,48.64,47.28,46.17,45.43,44.95,,1.36,1.41,1.41
92,2000-09-01,0.1987,0.0587,0.0537,0.0523,0.0501,0.2705,0.2447,0.1812,0.2251,0.1762,0.1327,0.1694,73.46,66.73,63.57,62.19,61.16,60.11,59.74,,1.41,1.49,1.5
93,2000-10-01,0.2058,0.0659,0.0611,0.0596,0.0577,0.2745,0.2483,0.1839,0.2259,0.178,0.1359,0.1726,68.86,62.19,58.83,57.28,56.21,55.26,54.98,,1.42,1.48,1.53
94,2000-11-01,0.2065,0.067,0.0622,0.0606,0.0587,0.2745,0.2483,0.1839,0.2259,0.178,0.1359,0.1726,69.38,62.77,59.38,57.97,56.78,55.8,55.4,,1.45,1.51,1.54
95,2000-12-01,0.2065,0.067,0.0622,0.0606,0.0587,0.2745,0.2483,0.1839,0.2259,0.178,0.1359,0.1726,70.28,63.97,60.54,59.07,57.78,56.49,56.14,,1.42,1.47,1.56
96,2001-01-01,0.2084,0.0705,0.0656,0.064,0.0621,0.2745,0.2483,0.1839,0.2259,0.178,0.1359,0.1726,59.95,53.07,49.7,48.2,46.93,45.77,45.44,,1.31,1.37,1.43
97,2001-02-01,0.21,0.0718,0.0669,0.0654,0.0633,0.2746,0.2483,0.184,0.2259,0.178,0.1359,0.1726,56.05,49.02,45.69,44.15,42.87,41.77,41.49,,1.34,1.39,1.38
98,2001-03-01,0.21,0.0718,0.0669,0.0654,0.0633,0.2746,0.2483,0.184,0.2259,0.178,0.1359,0.1726,56.85,49.97,46.66,45.0,43.8,42.8,42.29,,1.34,1.4,1.36
99,2001-04-01,0.21,0.0719,0.067,0.0655,0.0634,0.2746,0.2483,0.184,0.2259,0.178,0.1359,0.1726,59.68,52.9,49.37,47.85,46.65,45.91,45.29,,1.37,1.43,1.38
100,2001-05-01,0.21,0.0719,0.067,0.0655,0.0634,0.2746,0.2483,0.184,0.2259,0.178,0.1359,0.1726,58.27,51.67,48.08,46.57,45.38,44.72,44.1,,1.46,1.52,1.42
101,2001-06-01,0.21,0.0719,0.067,0.0654,0.0633,0.2744,0.2482,0.1839,0.2258,0.178,0.1359,0.1726,59.42,52.66,48.98,47.54,46.34,45.56,45.07,,1.45,1.52,1.42
102,2001-07-01,0.2098,0.0717,0.0668,0.0652,0.0631,0.2744,0.2482,0.1839,0.2258,0.178,0.1359,0.1726,59.62,52.56,49.01,47.49,46.3,45.55,45.07,,1.37,1.43,1.44
103,2001-08-01,0.2103,0.0719,0.0669,0.0654,0.0633,0.2744,0.2482,0.1839,0.2258,0.178,0.1359,0.1726,58.64,51.72,48.03,46.6,45.41,44.41,43.83,,1.34,1.41,1.42
104,2001-09-01,0.2103,0.0719,0.0669,0.0654,0.0633,0.2743,0.248,0.1837,0.2256,0.1778,0.1358,0.1725,59.11,52.24,48.54,47.1,45.84,45.01,44.45,,1.37,1.43,1.42
105,2001-10-01,0.2088,0.0696,0.0647,0.0631,0.0607,0.2726,0.2465,0.183,0.2264,0.1771,0.1336,0.1706,58.2,51.39,47.7,46.26,44.95,44.11,43.46,,1.32,1.39,1.4
106,2001-11-01,0.2087,0.0695,0.0646,0.063,0.0606,0.2728,0.2465,0.183,0.2264,0.1771,0.1336,0.1706,53.53,46.87,43.16,41.69,40.41,39.55,38.78,,1.28,1.35,1.38
107,2001-12-01,0.2087,0.0695,0.0646,0.063,0.0605,0.2728,0.2465,0.183,0.2264,0.1771,0.1336,0.1706,49.66,43.08,39.44,37.98,36.72,35.85,35.16,,1.26,1.33,1.33
108,2002-01-01,0.2071,0.0673,0.0625,0.0607,0.0583,0.2728,0.2465,0.183,0.2264,0.1771,0.1336,0.1707,52.33,45.74,41.94,40.51,39.19,38.35,37.75,,1.24,1.3,1.33
109,2002-02-01,0.2069,0.0671,0.0622,0.0604,0.0581,0.2726,0.246,0.1833,0.2263,0.177,0.1334,0.1705,49.02,42.07,38.33,37.35,36.08,35.48,34.66,,1.24,1.3,1.31
110,2002-03-01,0.2069,0.0671,0.0622,0.0604,0.0581,0.2726,0.246,0.1833,0.2263,0.177,0.1334,0.1705,49.33,42.51,38.75,37.56,36.29,35.72,34.86,,1.24,1.3,1.31
111,2002-04-01,0.2068,0.0667,0.0617,0.06,0.0576,0.2725,0.246,0.1832,0.2262,0.1769,0.1333,0.1704,53.43,46.53,42.84,41.64,40.3,39.57,38.76,,1.31,1.37,1.36
112,2002-05-01,0.2068,0.0667,0.0617,0.06,0.0576,0.2725,0.246,0.1832,0.2262,0.1769,0.1333,0.1704,51.84,44.88,41.27,40.23,38.88,38.13,37.38,,1.33,1.39,1.35
113,2002-06-01,0.2068,0.0663,0.0614,0.0596,0.0573,0.2725,0.246,0.1832,0.2262,0.1769,0.1333,0.1704,49.44,42.46,38.92,37.87,36.56,35.82,35.02,,1.31,1.37,1.33
114,2002-07-01,0.2068,0.0663,0.0614,0.0596,0.0573,0.2725,0.246,0.1832,0.2262,0.1769,0.1333,0.1704,49.78,42.79,39.14,38.08,36.79,36.03,35.25,,1.32,1.38,1.34
115,2002-08-01,0.2068,0.0663,0.0614,0.0596,0.0573,0.2725,0.246,0.1832,0.2262,0.1769,0.1333,0.1704,50.14,43.06,39.37,38.34,37.05,36.44,35.6,,1.3,1.36,1.32
116,2002-09-01,0.2068,0.0663,0.0614,0.0596,0.0573,0.2725,0.246,0.1832,0.2262,0.1769,0.1333,0.1704,53.54,46.49,42.87,41.79,40.52,39.9,39.07,,1.32,1.38,1.34
117,2002-10-01,0.2067,0.0649,0.0599,0.0581,0.0556,0.2706,0.2444,0.1818,0.2249,0.1758,0.1325,0.1693,55.19,48.02,44.38,43.3,42.07,41.39,40.56,,1.33,1.39,1.35
118,2002-11-01,0.2058,0.0651,0.06,0.0582,0.0558,0.2694,0.2436,0.1806,0.2229,0.1746,0.1316,0.1688,51.51,44.44,40.68,39.61,38.36,37.72,36.86,,1.31,1.37,1.35
119,2002-12-01,0.2056,0.0647,0.0597,0.0579,0.0555,0.2694,0.2436,0.1806,0.2229,0.1746,0.1316,0.1688,52.47,45.71,41.91,40.92,39.6,39.05,38.23,,1.28,1.34,1.33
120,2003-01-01,0.2059,0.0652,0.0601,0.0583,0.056,0.2694,0.2436,0.1806,0.2229,0.1746,0.1316,0.1688,57.61,50.63,46.87,45.75,44.46,43.77,43.03,,1.33,1.39,1.37
121,2003-02-01,0.206,0.0652,0.0601,0.0584,0.056,0.2684,0.2427,0.18,0.2222,0.1741,0.1313,0.1677,56.1,49.44,45.65,44.5,43.5,42.64,41.85,,1.32,1.38,1.37
122,2003-03-01,0.206,0.0652,0.0601,0.0584,0.056,0.2684,0.2427,0.18,0.2222,0.1741,0.1313,0.1677,64.21,57.29,53.59,52.49,51.29,50.37,49.76,,1.35,1.41,1.43
123,2003-04-01,0.206,0.0652,0.0602,0.0584,0.056,0.2684,0.2427,0.18,0.2222,0.1741,0.1313,0.1677,54.99,48.04,44.24,43.14,42.01,41.08,40.33,,1.32,1.38,1.42
124,2003-05-01,0.206,0.0652,0.0602,0.0584,0.056,0.2669,0.2417,0.1794,0.2216,0.1737,0.1312,0.1678,50.61,43.35,39.74,38.65,37.48,36.74,36.04,,1.29,1.35,1.31
125,2003-06-01,0.206,0.0652,0.0602,0.0584,0.056,0.2699,0.2417,0.1794,0.2216,0.1737,0.1312,0.1678,49.53,42.68,38.99,37.92,36.81,35.85,35.25,,1.27,1.33,1.32
126,2003-07-01,0.206,0.0655,0.0605,0.0587,0.0563,0.2699,0.2417,0.1794,0.2216,0.1737,0.1312,0.1678,51.01,43.92,40.43,39.32,38.32,37.55,36.88,,1.28,1.32,1.32
127,2003-08-01,0.206,0.0655,0.0605,0.0587,0.0563,0.2699,0.2417,0.1794,0.2216,0.1737,0.1312,0.1678,53.06,46.51,42.7,41.51,40.41,39.67,39.07,,1.32,1.35,1.33
128,2003-09-01,0.2062,0.0657,0.0606,0.0589,0.0565,0.2699,0.2417,0.1794,0.2216,0.1737,0.1312,0.1678,54.11,47.22,43.5,42.36,41.35,40.52,39.8,,1.36,1.39,1.35
129,2003-10-01,0.2073,0.0655,0.0605,0.0587,0.0563,0.2648,0.2388,0.1775,0.219,0.1719,0.1295,0.165,55.82,48.5,45.01,43.86,42.89,42.02,41.24,,1.32,1.36,1.36
130,2003-11-01,0.2072,0.0655,0.0605,0.0587,0.0562,0.2634,0.2394,0.1778,0.2204,0.1717,0.1295,0.1646,54.03,47.03,43.27,42.11,41.14,40.33,39.66,,1.29,1.33,1.36
131,2003-12-01,0.2072,0.0655,0.0605,0.0587,0.0562,0.2634,0.2394,0.1778,0.2204,0.1717,0.1295,0.1646,53.74,46.66,43.07,41.93,40.95,39.94,39.23,,1.29,1.33,1.36
132,2004-01-01,0.2068,0.0651,0.0601,0.0584,0.0558,0.2634,0.2394,0.1778,0.2204,0.1717,0.1295,0.1646,54.23,47.23,43.67,42.57,41.59,40.59,39.74,,1.29,1.33,1.37
133,2004-02-01,0.2066,0.065,0.0599,0.0582,0.0557,0.2634,0.2394,0.1778,0.2204,0.1717,0.1295,0.1646,51.51,44.61,40.97,39.52,38.57,37.69,37.08,,1.31,1.35,1.34
134,2004-03-01,0.2065,0.0648,0.0598,0.0581,0.0556,0.2628,0.2389,0.1773,0.2198,0.1713,0.1291,0.1643,55.6,48.56,44.91,43.44,42.46,41.7,41.23,,1.33,1.37,1.36
135,2004-04-01,0.2065,0.0648,0.0598,0.0581,0.0556,0.2628,0.2389,0.1773,0.2198,0.1713,0.1291,0.1643,55.72,48.72,45.08,43.65,42.67,41.75,41.13,,1.35,1.39,1.4
136,2004-05-01,0.2065,0.0648,0.0598,0.0581,0.0556,0.2628,0.2389,0.1773,0.2198,0.1713,0.1291,0.1643,58.71,51.4,47.72,46.4,45.51,44.57,43.89,,1.42,1.46,1.42
137,2004-06-01,0.2065,0.0648,0.0598,0.0581,0.0556,0.2628,0.2389,0.1773,0.2198,0.1713,0.1291,0.1643,58.82,51.88,48.2,46.75,45.82,44.91,44.26,,1.47,1.51,1.44
138,2004-07-01,0.2065,0.0648,0.0598,0.0581,0.0556,0.2628,0.2389,0.1773,0.2198,0.1713,0.1291,0.1643,58.41,51.51,47.9,46.5,45.49,44.75,44.2,,1.4,1.44,1.39
139,2004-08-01,0.2065,0.0648,0.0598,0.0581,0.0556,0.2628,0.2389,0.1773,0.2198,0.1713,0.1291,0.1643,64.92,57.78,54.08,52.64,51.66,50.91,50.41,,1.45,1.49,1.44
140,2004-09-01,0.2065,0.0648,0.0598,0.0581,0.0556,0.2628,0.2389,0.1773,0.2198,0.1713,0.1291,0.1643,63.95,56.99,53.21,51.62,50.6,49.72,49.11,,1.45,1.49,1.5
141,2004-10-01,0.2083,0.0673,0.0624,0.0606,0.0584,0.2628,0.2389,0.1773,0.2198,0.1713,0.1291,0.1643,72.98,66.15,62.36,60.75,59.75,59.19,58.58,,1.46,1.5,1.53
142,2004-11-01,0.2094,0.0683,0.0635,0.0617,0.0595,0.2619,0.238,0.1768,0.2191,0.1708,0.1289,0.1639,70.25,63.37,59.47,58.0,57.02,56.23,55.6,,1.47,1.51,1.6
143,2004-12-01,0.2094,0.0683,0.0635,0.0617,0.0595,0.2584,0.2347,0.1745,0.2155,0.1682,0.1274,0.1616,68.24,61.33,57.82,56.09,55.16,54.07,53.59,,1.42,1.46,1.56
144,2005-01-01,0.2105,0.0695,0.0644,0.0625,0.0603,0.2556,0.2327,0.1737,0.2123,0.1672,0.1269,0.1604,63.0,56.06,52.16,50.69,49.59,48.42,47.8,,1.36,1.4,1.52
145,2005-02-01,0.2107,0.0696,0.0645,0.0628,0.0605,0.2556,0.2327,0.1737,0.2123,0.1672,0.1269,0.1604,67.32,59.83,56.01,54.55,53.52,52.71,52.13,,1.39,1.42,1.51
146,2005-03-01,0.2108,0.0697,0.0646,0.0628,0.0606,0.2549,0.2318,0.1734,0.2109,0.1665,0.1263,0.1598,75.52,67.53,63.87,62.37,61.41,60.5,59.96,,1.4,1.44,1.5
147,2005-04-01,0.2108,0.0697,0.0646,0.0628,0.0606,0.2545,0.2314,0.1731,0.2105,0.1663,0.1261,0.1595,79.83,72.19,68.49,67.15,66.12,65.25,64.61,,1.47,1.51,1.58
148,2005-05-01,0.2109,0.0697,0.0646,0.0629,0.0607,0.2545,0.2314,0.1731,0.2105,0.1663,0.1261,0.1595,73.22,65.69,61.95,60.49,59.47,58.6,57.91,,1.5,1.55,1.61
149,2005-06-01,0.2109,0.0698,0.0647,0.0629,0.0607,0.2545,0.2314,0.1731,0.2105,0.1663,0.1261,0.1595,75.38,67.9,64.01,62.55,61.5,60.69,60.05,,1.46,1.5,1.57
150,2005-07-01,0.211,0.0698,0.0647,0.063,0.0608,0.2545,0.2314,0.1731,0.2105,0.1663,0.1261,0.1595,83.97,76.61,72.89,71.38,70.37,69.42,68.83,,1.54,1.58,1.65
151,2005-08-01,0.2111,0.0699,0.0648,0.063,0.0608,0.2545,0.2314,0.1731,0.2105,0.1663,0.1261,0.1595,84.23,77.12,73.68,72.03,71.01,70.19,69.56,,1.59,1.64,1.69
152,2005-09-01,0.2116,0.0699,0.0648,0.063,0.0609,0.2545,0.2314,0.1731,0.2105,0.1663,0.1261,0.1595,97.29,89.77,85.98,84.4,83.38,82.39,81.9,,1.66,1.71,1.74
153,2005-10-01,0.2162,0.0747,0.0697,0.0679,0.0657,0.2545,0.2314,0.1731,0.2105,0.1663,0.1261,0.1595,99.31,91.74,88.07,87.08,85.95,85.1,84.81,,1.72,1.78,1.78
154,2005-11-01,0.2197,0.078,0.073,0.0712,0.0689,0.2545,0.2314,0.1731,0.2105,0.1663,0.1261,0.1595,89.88,82.01,78.31,77.4,76.31,75.27,74.38,,1.63,1.68,1.77
155,2005-12-01,0.2203,0.0782,0.0732,0.0713,0.0691,0.2545,0.2314,0.1731,0.2105,0.1663,0.1261,0.1595,87.18,79.64,76.2,75.18,74.09,73.26,72.33,,1.6,1.64,1.73
156,2006-01-01,,0.0843,0.0792,0.0772,0.0749,0.2392,0.2181,0.1654,0.2019,0.161,0.1229,0.1553,86.16,79.94,76.12,75.32,74.21,73.57,72.31,1925.66,1.59,1.63,1.71
157,2006-02-01,,0.0848,0.0796,0.0775,0.0753,0.2392,0.2181,0.1654,0.2019,0.161,0.1229,0.1553,88.7,82.2,78.33,77.88,76.65,75.7,74.45,1925.66,1.61,1.65,1.72
158,2006-03-01,,0.0848,0.0796,0.0775,0.0753,0.2392,0.2181,0.1654,0.2019,0.161,0.1229,0.1553,88.92,82.2,78.35,77.79,76.66,75.73,74.41,1925.66,1.57,1.61,1.7
159,2006-04-01,,0.0848,0.0796,0.0775,0.0753,0.2392,0.2181,0.1654,0.2019,0.161,0.1229,0.1553,92.58,85.8,82.06,80.93,79.73,78.72,77.87,2005.33,1.65,1.69,1.73
160,2006-05-01,,0.0848,0.0796,0.0775,0.0753,0.2392,0.2181,0.1654,0.2019,0.161,0.1229,0.1553,93.65,86.05,82.32,80.83,79.85,78.62,78.03,2005.33,1.71,1.75,1.77
161,2006-06-01,,0.0848,0.0796,0.0775,0.0753,0.2392,0.2181,0.1654,0.2019,0.161,0.1229,0.1553,91.88,84.47,80.7,79.25,78.32,77.25,76.61,2005.33,1.7,1.74,1.74
162,2006-07-01,,0.0857,0.0805,0.0785,0.0761,0.2392,0.2181,0.1654,0.2019,0.161,0.1229,0.1553,95.35,87.81,84.09,82.73,81.68,80.82,80.09,2005.33,1.74,1.78,1.77
163,2006-08-01,,0.0857,0.0805,0.0785,0.0761,0.2392,0.2181,0.1654,0.2019,0.161,0.1229,0.1553,95.83,88.27,84.55,83.1,82.11,81.08,80.72,2005.33,1.78,1.83,1.8
164,2006-09-01,,0.0857,0.0805,0.0785,0.0761,0.2392,0.2181,0.1654,0.2019,0.161,0.1229,0.1553,91.16,83.42,79.88,78.38,77.41,76.29,75.75,2005.33,1.67,1.72,1.78
165,2006-10-01,,0.0923,0.087,0.0853,0.0827,0.2392,0.2181,0.1654,0.2019,0.161,0.1229,0.1553,87.63,80.05,76.22,74.86,73.93,72.89,72.31,2255.27,1.58,1.62,1.72
166,2006-11-01,,0.0926,0.0874,0.0856,0.083,0.2375,0.2171,0.1648,0.2013,0.1606,0.1194,0.155,84.57,76.92,73.29,71.95,70.91,69.81,69.24,2255.27,1.56,1.6,1.72
167,2006-12-01,,0.0926,0.0874,0.0856,0.083,0.2375,0.2171,0.1648,0.2013,0.1606,0.1194,0.155,84.1,76.45,72.8,71.49,70.47,69.38,68.78,2255.27,1.55,1.59,1.72
168,2007-01-01,,0.0915,0.0863,0.0842,0.0819,0.2349,0.2141,0.1633,0.1982,0.1586,0.1186,0.1533,79.39,71.7,68.0,66.67,65.74,64.42,63.82,2255.27,1.55,1.59,1.71
169,2007-02-01,,0.0915,0.0863,0.0842,0.0819,0.2349,0.2141,0.1633,0.1982,0.1586,0.1186,0.1533,81.32,73.8,69.98,68.61,67.66,66.5,65.89,2255.27,1.52,1.56,1.67
170,2007-03-01,,0.0915,0.0863,0.0842,0.0819,0.2349,0.2141,0.1633,0.1982,0.1586,0.1186,0.1533,82.06,74.59,70.96,69.56,68.63,67.59,66.99,2255.27,1.59,1.63,1.68
171,2007-04-01,,0.091,0.0858,0.0837,0.0815,0.2353,0.2142,0.1635,0.1984,0.1586,0.1185,0.1533,88.05,80.41,76.83,75.41,74.51,73.43,72.83,2382.61,1.65,1.69,1.72
172,2007-05-01,,0.091,0.0858,0.0837,0.0815,0.2353,0.2142,0.1635,0.1984,0.1586,0.1185,0.1533,88.24,80.79,77.11,75.75,74.81,73.86,73.3,2382.61,1.73,1.77,1.74
173,2007-06-01,,0.0909,0.0857,0.0836,0.0813,0.2353,0.2142,0.1635,0.1984,0.1586,0.1185,0.1533,88.95,81.54,77.82,76.36,74.45,74.46,73.85,2382.61,1.76,1.81,1.74
174,2007-07-01,,0.0907,0.0853,0.0832,0.0809,0.2353,0.2142,0.1635,0.1984,0.1586,0.1185,0.1533,92.1,84.51,80.96,79.56,78.84,77.72,77.07,2382.61,1.77,1.81,1.76
175,2007-08-01,,0.0907,0.0853,0.0832,0.0809,0.2353,0.2142,0.1635,0.1984,0.1586,0.1185,0.1533,91.65,84.01,80.42,79.07,78.12,77.13,76.56,2382.61,1.7,1.75,1.76
176,2007-09-01,,0.0907,0.0853,0.0832,0.0809,0.2353,0.2142,0.1635,0.1984,0.1586,0.1185,0.1533,95.35,87.7,84.09,82.77,81.8,80.94,80.33,2382.61,1.69,1.73,1.77
177,2007-10-01,,0.0901,0.0847,0.0826,0.0803,0.2362,0.2149,0.1639,0.1988,0.1588,0.1187,0.1535,97.54,89.94,86.47,84.99,84.06,83.04,82.45,2240.79,1.7,1.75,1.8
178,2007-11-01,,0.0901,0.0847,0.0826,0.0803,0.236,0.2146,0.1636,0.1986,0.1586,0.1185,0.1533,106.94,100.31,96.58,95.23,94.32,93.02,92.5,2240.79,1.77,1.82,1.9
179,2007-12-01,,0.0901,0.0847,0.0826,0.0803,0.2368,0.2153,0.1643,0.1992,0.1592,0.1192,0.1532,108.94,102.02,98.42,97.01,95.99,94.84,94.22,2240.79,1.78,1.84,1.96
180,2008-01-01,,0.0975,0.0922,0.0901,0.0875,0.2387,0.2172,0.1662,0.2011,0.161,0.1211,0.1542,111.96,104.52,100.83,99.5,98.41,97.23,96.65,2306.97,1.78,1.84,1.95
181,2008-02-01,,0.0975,0.0922,0.0901,0.0875,0.2387,0.2172,0.1662,0.2011,0.161,0.1211,0.1542,109.62,102.0,98.39,97.06,95.94,94.89,94.29,2276.76,1.73,1.78,1.9
182,2008-03-01,,0.0979,0.0925,0.0904,0.0878,0.2387,0.2172,0.1662,0.2011,0.161,0.1211,0.1542,115.97,108.27,104.59,103.18,102.16,100.72,100.27,2268.64,1.79,1.84,1.96
183,2008-04-01,,0.0991,0.0938,0.0917,0.0891,0.2387,0.2172,0.1662,0.2011,0.161,0.1211,0.1542,116.35,108.77,105.05,103.69,102.63,101.5,100.89,2167.21,1.77,1.83,1.97
184,2008-05-01,,0.0997,0.0944,0.0922,0.0897,0.2387,0.2172,0.1662,0.2011,0.161,0.1211,0.1542,133.89,126.08,122.5,121.09,120.06,119.05,118.43,2104.98,1.85,1.91,2.1
185,2008-06-01,,0.0997,0.0944,0.0922,0.0897,0.2387,0.2172,0.1662,0.2011,0.161,0.1211,0.1542,143.31,135.55,131.78,130.41,129.34,128.0,127.45,2078.96,1.94,1.99,2.26
186,2008-07-01,,0.0997,0.0944,0.0922,0.0897,0.2387,0.2172,0.1662,0.2011,0.161,0.1211,0.1542,146.84,139.08,135.37,134.04,133.01,131.77,131.15,2043.33,1.97,2.03,2.28
187,2008-08-01,,0.0997,0.0944,0.0922,0.0897,0.2387,0.2172,0.1662,0.2011,0.161,0.1211,0.1542,132.39,124.82,121.18,119.79,118.79,117.52,116.99,2061.58,1.91,1.96,2.2
188,2008-09-01,,0.0997,0.0944,0.0922,0.0897,0.2388,0.2174,0.1663,0.2012,0.1612,0.1213,0.1544,127.6,119.92,116.22,114.85,113.79,112.41,111.77,2174.0,1.88,1.94,2.12
189,2008-10-01,,0.1093,0.1041,0.102,0.0994,0.245,0.2219,0.1697,0.2044,0.1632,0.1255,0.1577,121.5,113.83,110.03,108.69,107.56,106.47,105.85,2213.08,1.81,1.86,2.03
190,2008-11-01,,0.1112,0.106,0.104,0.1013,0.2456,0.2225,0.1701,0.205,0.1637,0.1258,0.1582,106.33,98.47,94.6,93.09,92.02,90.87,90.29,2224.33,1.56,1.61,1.83
191,2008-12-01,,0.1119,0.1066,0.1046,0.1019,0.2456,0.2225,0.1701,0.205,0.1637,0.1258,0.1582,86.38,78.58,74.58,73.19,72.08,70.7,70.06,2249.92,1.43,1.48,1.7
192,2009-01-01,,0.1077,0.1024,0.1004,0.0977,0.2456,0.2225,0.1701,0.205,0.1637,0.1258,0.1582,83.73,76.18,71.97,70.52,69.52,67.65,66.89,2313.23,1.34,1.39,1.57
193,2009-02-01,,0.1023,0.097,0.095,0.0923,0.2456,0.2225,0.1701,0.205,0.1637,0.1258,0.1582,81.27,73.41,69.24,67.89,66.8,65.47,64.81,2359.65,1.38,1.44,1.57
194,2009-03-01,,0.1023,0.097,0.095,0.0923,0.2456,0.2225,0.1701,0.205,0.1637,0.1258,0.1582,73.18,64.92,60.79,59.31,58.25,57.23,56.39,2359.05,1.37,1.43,1.51
195,2009-04-01,,0.0989,0.0937,0.0916,0.089,0.2456,0.2225,0.1701,0.205,0.1637,0.1258,0.1582,75.27,67.49,63.32,61.84,60.77,59.25,58.71,2323.29,1.42,1.47,1.52
196,2009-05-01,,0.0984,0.0932,0.0912,0.0885,0.2539,0.2293,0.181,0.2101,0.1738,0.1356,0.1678,75.26,67.37,63.32,61.88,60.8,59.53,58.99,2199.35,1.47,1.52,1.54
197,2009-06-01,,0.0974,0.0921,0.0901,0.0874,0.2539,0.2293,0.181,0.2101,0.1738,0.1356,0.1678,82.57,74.2,70.32,68.92,67.86,66.7,66.16,2208.98,1.59,1.64,1.58
198,2009-07-01,,0.0946,0.0894,0.0874,0.0847,0.2539,0.2293,0.181,0.2101,0.1738,0.1356,0.1678,79.3,71.2,67.27,65.78,64.69,63.65,63.18,2197.98,1.57,1.62,1.61
199,2009-08-01,,0.0946,0.0894,0.0874,0.0847,0.2539,0.2293,0.181,0.2101,0.1738,0.1356,0.1678,84.85,76.67,72.9,71.42,70.37,69.24,68.85,2268.68,1.6,1.65,1.64
200,2009-09-01,,0.0946,0.0894,0.0874,0.0847,0.2539,0.2293,0.181,0.2101,0.1738,0.1356,0.1678,80.65,72.6,68.72,67.3,66.25,65.23,64.59,2292.19,1.59,1.64,1.64
201,2009-10-01,,0.0866,0.0821,0.0804,0.0782,0.2563,0.2317,0.1818,0.2125,0.176,0.1387,0.1704,85.43,77.27,73.53,72.06,70.98,70.04,69.59,2381.51,1.55,1.6,1.62
202,2009-11-01,,0.0866,0.0821,0.0804,0.0782,0.2563,0.2317,0.1818,0.2125,0.176,0.1387,0.1704,85.38,77.27,73.65,72.21,71.14,70.11,69.56,2385.55,1.62,1.67,1.7
203,2009-12-01,,0.0866,0.0821,0.0804,0.0782,0.2563,0.2317,0.1818,0.2125,0.176,0.1387,0.1704,83.44,75.36,71.71,70.24,69.2,68.03,67.5,2418.55,1.58,1.64,1.65
204,2010-01-01,,0.0899,0.0855,0.0837,0.0816,0.2613,0.2365,0.1873,0.217,0.1813,0.1428,0.1744,94.47,86.47,82.68,81.25,80.16,78.87,78.28,2438.45,1.6,1.65,1.67
205,2010-02-01,,0.0899,0.0855,0.0837,0.0816,0.2613,0.2365,0.1873,0.217,0.1813,0.1428,0.1744,90.5,82.44,78.58,77.19,76.11,74.98,74.37,2439.45,1.6,1.65,1.66
206,2010-03-01,,0.0899,0.0855,0.0837,0.0816,0.2613,0.2365,0.1873,0.217,0.1813,0.1428,0.1744,96.55,88.51,84.73,83.3,82.25,81.17,80.63,2424.05,1.66,1.71,1.7
207,2010-04-01,,0.0899,0.0855,0.0837,0.0816,0.2613,0.2365,0.1873,0.217,0.1813,0.1428,0.1744,100.47,92.37,88.72,87.23,86.24,85.43,84.83,2381.1,1.69,1.75,1.74
208,2010-05-01,,0.09,0.0855,0.0837,0.0818,0.2613,0.2365,0.1873,0.217,0.1813,0.1428,0.1744,103.28,95.4,91.69,90.25,89.23,88.39,87.83,2261.9,1.7,1.76,1.78
209,2010-06-01,,0.09,0.0855,0.0837,0.0818,0.2613,0.2365,0.1873,0.217,0.1813,0.1428,0.1744,100.18,92.43,88.67,87.22,86.21,85.21,84.67,2277.06,1.65,1.7,1.72
210,2010-07-01,,0.09,0.0855,0.0837,0.0818,0.2613,0.2365,0.1873,0.217,0.1813,0.1428,0.1744,95.81,87.7,83.99,82.59,81.52,80.34,79.73,2293.06,1.63,1.68,1.72
211,2010-08-01,,0.09,0.0855,0.0837,0.0818,0.2613,0.2365,0.1873,0.217,0.1813,0.1428,0.1744,95.32,87.4,83.61,82.2,81.18,80.19,79.73,2337.56,1.62,1.67,1.72
212,2010-09-01,,0.09,0.0855,0.0837,0.0818,0.2613,0.2365,0.1873,0.217,0.1813,0.1428,0.1744,93.49,85.47,81.77,80.4,79.45,78.4,77.85,2365.06,1.62,1.67,1.71
213,2010-10-01,,0.0937,0.089,0.0873,0.0854,0.2599,0.2355,0.1888,0.2167,0.1817,0.1439,0.1755,96.89,89.08,85.25,83.89,82.91,81.96,81.42,2425.06,1.59,1.65,1.72
214,2010-11-01,,0.0948,0.0902,0.0885,0.0866,0.2599,0.2355,0.1888,0.2167,0.1817,0.1439,0.1755,98.73,91.11,87.46,86.07,85.07,84.11,83.63,2442.95,1.62,1.67,1.74
215,2010-12-01,,0.0948,0.0902,0.0885,0.0866,0.2599,0.2355,0.1888,0.2167,0.1817,0.1439,0.1755,99.21,91.35,87.8,86.42,85.36,84.24,83.74,2454.45,1.66,1.71,1.77
216,2011-01-01,,0.0943,0.0901,0.0886,0.0865,0.2704,0.2437,0.1979,0.223,0.1901,0.1525,0.1821,101.52,94.13,90.46,89.07,87.99,86.86,86.34,2480.1,1.68,1.73,1.79
217,2011-02-01,,0.0943,0.0901,0.0886,0.0865,0.2704,0.2437,0.1979,0.223,0.1901,0.1525,0.1821,107.33,99.67,96.2,94.78,93.8,92.75,92.25,2479.1,1.7,1.75,1.82
218,2011-03-01,,0.0943,0.0901,0.0886,0.0865,0.2704,0.2437,0.1979,0.223,0.1901,0.1525,0.1821,114.25,106.7,103.13,101.74,100.59,99.67,99.11,2480.2,1.76,1.81,1.9
219,2011-04-01,,0.0943,0.0901,0.0886,0.0865,0.2704,0.2437,0.1979,0.223,0.1901,0.1525,0.1821,116.06,108.61,104.93,103.49,102.54,101.39,100.89,2422.8,1.79,1.84,1.93
220,2011-05-01,,0.0943,0.0901,0.0886,0.0865,0.2704,0.2437,0.1979,0.223,0.1901,0.1525,0.1821,111.72,104.08,100.55,99.19,98.15,97.01,96.49,2302.8,1.82,1.87,1.93
221,2011-06-01,,0.0943,0.0901,0.0886,0.0865,0.2704,0.2437,0.1979,0.223,0.1901,0.1525,0.1821,108.84,101.1,97.63,96.28,95.24,94.39,93.85,2311.9,1.77,1.82,1.88
222,2011-07-01,,0.0943,0.0901,0.0886,0.0865,0.2704,0.2437,0.1979,0.223,0.1901,0.1525,0.1821,105.57,97.28,93.56,92.33,91.32,90.38,89.84,2297.45,1.71,1.77,1.82
223,2011-08-01,,0.0955,0.0912,0.0897,0.0876,0.2704,0.2437,0.1979,0.223,0.1901,0.1525,0.1821,101.27,93.64,89.87,88.71,87.58,86.37,85.83,2264.45,1.68,1.73,1.79
224,2011-09-01,,0.0955,0.0912,0.0897,0.0876,0.2704,0.2437,0.1979,0.223,0.1901,0.1525,0.1821,106.64,99.11,95.38,94.18,93.16,92.19,91.68,2259.85,1.71,1.76,1.82
225,2011-10-01,,0.0974,0.0932,0.0917,0.0895,0.2678,0.2416,0.1965,0.2213,0.1888,0.1519,0.1813,108.6,101.03,97.2,96.11,95.1,94.09,93.55,2268.13,1.73,1.78,1.85
226,2011-11-01,,0.0976,0.0934,0.0919,0.0897,0.2678,0.2416,0.1965,0.2213,0.1888,0.1519,0.1813,114.3,106.76,102.96,101.81,100.79,99.78,99.21,2269.3,1.72,1.77,1.89
227,2011-12-01,,0.0976,0.0934,0.0919,0.0897,0.2678,0.2416,0.1965,0.2213,0.1888,0.1519,0.1813,115.76,108.36,104.53,103.25,102.24,101.09,100.48,2295.3,1.72,1.77,1.93
228,2012-01-01,,0.0998,0.0955,0.0941,0.0923,0.2575,0.2341,0.1916,0.216,0.1848,0.1491,0.1772,115.25,107.62,103.92,102.79,101.78,100.82,100.21,2287.95,1.73,1.78,1.92
229,2012-02-01,,0.0998,0.0955,0.0941,0.0923,0.2575,0.2341,0.1916,0.216,0.1848,0.1491,0.1772,116.9,109.08,105.36,104.22,103.17,102.07,101.52,2307.95,1.76,1.81,1.95
230,2012-03-01,,0.0998,0.0955,0.0941,0.0923,0.2575,0.2341,0.1916,0.216,0.1848,0.1491,0.1772,119.56,111.87,108.05,106.89,105.88,104.97,104.36,2302.95,1.84,1.89,1.96
231,2012-04-01,,0.0998,0.0955,0.0941,0.0923,0.2575,0.2341,0.1916,0.216,0.1848,0.1491,0.1772,117.23,109.58,105.78,104.63,103.61,102.59,101.98,2212.0,1.88,1.94,1.96
232,2012-05-01,,0.0998,0.0955,0.0941,0.0923,0.2575,0.2341,0.1916,0.216,0.1848,0.1491,0.1772,115.1,107.29,103.69,102.33,101.3,100.3,99.74,2145.5,1.86,1.92,1.94
233,2012-06-01,,0.0998,0.0955,0.0941,0.0923,0.2575,0.2341,0.1916,0.216,0.1848,0.1491,0.1772,109.47,101.81,98.03,96.86,95.83,94.63,94.12,2165.0,1.8,1.85,1.87
234,2012-07-01,,0.1,0.0958,0.0943,0.0925,0.2575,0.2341,0.1916,0.216,0.1848,0.1491,0.1772,109.94,102.25,98.45,97.31,96.18,95.33,94.72,2164.13,1.76,1.82,1.85
235,2012-08-01,,0.1,0.0958,0.0943,0.0925,0.2575,0.2341,0.1916,0.216,0.1848,0.1491,0.1772,117.06,109.19,105.22,104.21,103.06,102.28,101.78,2177.23,1.83,1.89,1.94
236,2012-09-01,,0.1,0.0958,0.0943,0.0925,0.2575,0.2341,0.1916,0.216,0.1848,0.1491,0.1772,119.26,111.4,107.49,106.42,105.3,104.69,104.02,2182.8,1.87,1.93,1.97
237,2012-10-01,,0.1008,0.0966,0.0951,0.093,0.2538,0.2318,0.1907,0.2148,0.1838,0.149,0.1766,118.8,110.92,107.09,105.96,104.77,103.91,103.28,2224.78,1.86,1.92,1.97
238,2012-11-01,,0.1008,0.0966,0.0951,0.093,0.2538,0.2318,0.1907,0.2148,0.1838,0.149,0.1766,114.16,106.42,102.58,101.41,100.2,99.28,98.66,2234.28,1.76,1.82,1.95
239,2012-12-01,,0.1008,0.0966,0.0951,0.093,0.2538,0.2318,0.1907,0.2148,0.1838,0.149,0.1766,112.64,104.84,101.12,100.01,98.62,97.74,97.07,2284.78,1.74,1.8,1.92
240,2013-01-01,,0.0999,0.0956,0.0942,0.0921,0.2507,0.2294,0.1888,0.2125,0.1822,0.1488,0.1759,113.16,105.27,101.55,100.42,99.14,98.33,97.76,2325.05,1.74,1.79,1.9
241,2013-02-01,,0.0999,0.0956,0.0942,0.0921,0.2507,0.2294,0.1888,0.2125,0.1822,0.1488,0.1759,116.63,108.84,105.17,104.04,102.83,101.88,101.34,2387.55,1.81,1.87,1.94
242,2013-03-01,,0.0999,0.0956,0.0942,0.0921,0.2507,0.2294,0.1888,0.2125,0.1822,0.1488,0.1759,112.85,104.65,100.98,99.81,98.62,97.76,97.17,2410.05,1.82,1.88,1.92
243,2013-04-01,,0.0999,0.0956,0.0942,0.0921,0.2507,0.2294,0.1888,0.2125,0.1822,0.1488,0.1759,110.34,102.4,98.8,97.63,96.34,95.41,94.79,2389.05,1.78,1.84,1.88
244,2013-05-01,,0.0999,0.0956,0.0942,0.0921,0.2507,0.2294,0.1888,0.2125,0.1822,0.1488,0.1759,107.18,99.17,95.59,94.29,93.17,92.21,91.57,2314.55,1.75,1.8,1.85
245,2013-06-01,,0.1009,0.0952,0.0937,0.0916,0.2507,0.2294,0.1888,0.2125,0.1822,0.1488,0.1759,107.61,99.71,96.09,94.93,93.8,92.96,92.3,2328.65,1.78,1.83,1.88
246,2013-07-01,,0.1009,0.0952,0.0937,0.0916,0.2507,0.2294,0.1888,0.2125,0.1822,0.1488,0.1759,110.91,103.0,99.39,98.26,97.08,96.18,95.56,2333.65,1.79,1.84,1.89
247,2013-08-01,,0.1009,0.0952,0.0937,0.0916,0.2507,0.2294,0.1888,0.2125,0.1822,0.1488,0.1759,112.61,104.66,101.06,99.84,98.64,97.85,97.17,2350.45,1.8,1.85,1.9
248,2013-09-01,,0.1009,0.0952,0.0937,0.0916,0.2507,0.2294,0.1888,0.2125,0.1822,0.1488,0.1759,115.1,107.3,103.7,102.52,101.33,100.41,99.83,2370.45,1.81,1.87,1.91
249,2013-10-01,,0.1004,0.0947,0.0934,0.0911,0.2508,0.2295,0.1889,0.2127,0.1824,0.149,0.1761,111.72,103.86,100.28,99.07,97.79,96.91,96.23,2444.65,1.76,1.82,1.89
250,2013-11-01,,0.101,0.0953,0.0938,0.0914,0.2508,0.2295,0.1889,0.2127,0.1824,0.149,0.1761,111.17,103.17,99.68,98.5,97.23,96.35,95.76,2488.04,1.72,1.78,1.86
251,2013-12-01,,0.101,0.0953,0.0938,0.0914,0.2508,0.2295,0.1889,0.2127,0.1824,0.149,0.1761,114.46,106.39,103.17,101.73,100.45,99.5,98.86,2501.67,1.72,1.78,1.87
252,2014-01-01,,0.1012,0.0956,0.0941,0.0916,0.2523,0.2311,0.1915,0.2149,0.1852,0.1519,0.1788,115.91,108.04,104.43,103.23,101.84,100.98,100.39,2515.31,1.71,1.76,1.87
253,2014-02-01,,0.1012,0.0956,0.0941,0.0916,0.2523,0.2311,0.1915,0.2149,0.1852,0.1519,0.1788,114.61,106.79,103.19,102.07,100.77,99.96,99.43,2512.58,1.71,1.77,1.87
254,2014-03-01,,0.1013,0.0957,0.0941,0.0916,0.2523,0.2311,0.1915,0.2149,0.1852,0.1519,0.1788,112.91,105.0,101.37,100.26,98.99,98.17,97.56,2490.76,1.72,1.78,1.85
255,2014-04-01,,0.1036,0.0979,0.0963,0.0938,0.2523,0.2311,0.1915,0.2149,0.1852,0.1519,0.1788,112.66,104.84,101.26,100.11,98.95,98.12,97.54,2426.18,1.73,1.78,1.86
256,2014-05-01,,0.104,0.0983,0.0967,0.0942,0.2523,0.2311,0.1915,0.2149,0.1852,0.1519,0.1788,113.42,105.51,101.88,100.71,99.55,98.79,98.16,2343.27,1.76,1.81,1.85
257,2014-06-01,,0.104,0.0983,0.0967,0.0942,0.2523,0.2311,0.1915,0.2149,0.1852,0.1519,0.1788,114.1,106.26,102.61,101.44,100.19,99.43,98.81,2349.38,1.76,1.82,1.84
258,2014-07-01,,0.104,0.0983,0.0967,0.0942,0.2523,0.2311,0.1915,0.2149,0.1852,0.1519,0.1788,112.6,104.77,101.15,100.01,98.79,97.95,97.39,2352.65,1.78,1.84,1.85
259,2014-08-01,,0.104,0.0983,0.0967,0.0942,0.2523,0.2311,0.1915,0.2149,0.1852,0.1519,0.1788,113.23,104.94,101.24,100.06,98.78,98.05,97.45,2372.84,1.76,1.81,1.83
260,2014-09-01,,0.104,0.0983,0.0967,0.0942,0.2523,0.2311,0.1915,0.2149,0.1852,0.1519,0.1788,111.9,103.49,99.88,98.74,97.5,96.67,96.09,2393.02,1.75,1.8,1.81
261,2014-10-01,,0.1032,0.0976,0.0962,0.0938,0.2523,0.2312,0.1916,0.2149,0.1852,0.1519,0.1788,107.84,99.63,96.18,94.93,93.73,92.77,92.18,2420.95,1.73,1.79,1.79
262,2014-11-01,,0.1032,0.0976,0.0962,0.0938,0.2523,0.2312,0.1916,0.2149,0.1852,0.1519,0.1788,104.59,96.37,92.92,91.69,90.52,89.58,89.02,2435.67,1.67,1.73,1.74
263,2014-12-01,,0.1032,0.0976,0.0962,0.0938,0.2523,0.2312,0.1916,0.2149,0.1852,0.1519,0.1788,93.74,85.43,81.9,80.67,79.52,78.53,77.96,2456.95,1.58,1.64,1.68
264,2015-01-01,,0.1016,0.0961,0.0945,0.0917,0.2586,0.2373,0.1982,0.221,0.192,0.1591,0.1865,85.78,77.53,74.1,72.76,71.63,70.68,70.08,2474.56,1.48,1.55,1.58
265,2015-02-01,,0.0994,0.0939,0.0924,0.0895,0.2586,0.2373,0.1982,0.221,0.192,0.1591,0.1865,85.91,77.75,74.4,73.18,71.85,71.07,70.47,2467.29,1.4,1.47,1.51
266,2015-03-01,,0.0993,0.0938,0.0922,0.0894,0.2586,0.2373,0.1982,0.221,0.192,0.1591,0.1865,89.09,81.1,77.6,76.25,75.27,74.34,73.74,2390.89,1.48,1.54,1.58
267,2015-04-01,,0.0976,0.0921,0.0905,0.0877,0.2586,0.2373,0.1982,0.221,0.192,0.1591,0.1865,87.42,78.82,75.23,74.15,72.95,72.15,71.59,2331.6,1.49,1.55,1.57
268,2015-05-01,,0.0976,0.0921,0.0905,0.0877,0.2586,0.2373,0.1982,0.221,0.192,0.1591,0.1865,91.57,83.03,79.44,78.36,77.13,76.33,75.76,2215.93,1.53,1.6,1.6
269,2015-06-01,,0.0971,0.0916,0.09,0.0871,0.2586,0.2373,0.1982,0.221,0.192,0.1591,0.1865,89.91,81.5,77.84,76.82,75.75,74.93,74.41,2188.46,1.55,1.62,1.6
270,2015-07-01,,0.0969,0.0914,0.0899,0.0869,0.2586,0.2373,0.1982,0.221,0.192,0.1591,0.1865,87.35,78.86,75.21,74.12,72.93,72.2,71.68,2183.74,1.57,1.63,1.58
271,2015-08-01,,0.0969,0.0914,0.0899,0.0869,0.2586,0.2373,0.1982,0.221,0.192,0.1591,0.1865,83.36,74.85,71.23,70.12,68.84,68.04,67.5,2194.54,1.53,1.6,1.53
272,2015-09-01,,0.0965,0.0911,0.0896,0.0866,0.2586,0.2373,0.1982,0.221,0.192,0.1591,0.1865,83.23,74.81,71.23,70.13,68.84,68.04,67.51,2224.97,1.47,1.54,1.51
273,2015-10-01,,0.0927,0.0872,0.0855,0.0824,0.2583,0.237,0.1981,0.2208,0.1919,0.159,0.1864,83.57,75.2,71.57,70.51,69.23,68.43,67.89,2242.11,1.48,1.55,1.54
274,2015-11-01,,0.0927,0.0872,0.0855,0.0824,0.2583,0.237,0.1981,0.2208,0.1919,0.159,0.1864,89.36,80.77,77.06,75.99,74.84,74.04,73.48,2254.54,1.47,1.53,1.53
275,2015-12-01,,0.0927,0.0872,0.0855,0.0824,0.2583,0.237,0.1981,0.2208,0.1919,0.159,0.1864,77.72,69.37,65.71,64.37,63.33,62.65,62.02,2269.54,1.43,1.49,1.5
276,2016-01-01,,0.0978,0.0926,0.0901,0.0868,0.2595,0.2385,0.2005,0.2226,0.1941,0.1601,0.1877,75.82,67.28,63.48,62.5,61.37,60.64,60.05,2287.83,1.35,1.41,1.41
277,2016-02-01,,0.0978,0.0926,0.09,0.0867,0.2587,0.2379,0.2002,0.2222,0.194,0.1601,0.1881,74.05,65.46,61.78,60.73,59.54,58.86,58.24,2281.54,1.32,1.38,1.35
278,2016-03-01,,0.0978,0.0926,0.09,0.0867,0.2587,0.2379,0.2002,0.2222,0.194,0.1601,0.1881,76.74,68.09,64.45,63.38,62.1,61.32,60.81,2266.97,1.33,1.4,1.37
279,2016-04-01,,0.0971,0.0919,0.0894,0.0861,0.2587,0.2379,0.2002,0.2222,0.194,0.1601,0.1881,78.17,69.64,65.97,64.92,63.74,62.93,62.4,2216.23,1.38,1.45,1.41
280,2016-05-01,,0.0971,0.0919,0.0894,0.0861,0.2587,0.2379,0.2002,0.2222,0.194,0.1601,0.1881,82.87,74.31,70.67,69.7,68.46,67.63,67.11,2115.51,1.43,1.5,1.45
281,2016-06-01,,0.0969,0.0917,0.0892,0.0859,0.2587,0.2379,0.2002,0.2222,0.194,0.1601,0.1881,85.35,77.22,73.6,72.65,71.35,70.62,70.12,2106.94,1.46,1.53,1.48
282,2016-07-01,,0.0965,0.0913,0.0888,0.0855,0.2587,0.2379,0.2002,0.2222,0.194,0.1601,0.1881,83.15,74.99,71.43,70.45,69.06,68.33,67.79,2118.17,1.44,1.51,1.46
283,2016-08-01,,0.0965,0.0913,0.0888,0.0855,0.2587,0.2379,0.2002,0.2222,0.194,0.1601,0.1881,80.21,72.15,68.44,67.5,66.11,65.35,64.83,2118.6,1.4,1.48,1.45
284,2016-09-01,,0.0965,0.0913,0.0888,0.0855,0.2587,0.2379,0.2002,0.2222,0.194,0.1601,0.1881,82.92,74.76,71.23,70.22,68.75,67.98,67.47,2135.4,1.44,1.51,1.48
285,2016-10-01,,0.0935,0.0883,0.086,0.0825,0.2587,0.2379,0.2003,0.2223,0.194,0.1602,0.1882,87.94,79.79,76.27,75.25,73.8,73.03,72.5,2156.83,1.47,1.53,1.51
286,2016-11-01,,0.0935,0.0883,0.086,0.0825,0.2587,0.2379,0.2003,0.2223,0.194,0.1602,0.1882,84.98,76.84,73.41,72.34,70.78,70.02,69.53,2172.26,1.47,1.53,1.52
287,2016-12-01,,0.0935,0.0883,0.086,0.0825,0.2587,0.2379,0.2003,0.2223,0.194,0.1602,0.1882,90.54,82.32,78.93,77.84,76.48,75.74,75.23,2182.11,1.46,1.53,1.53
288,2017-01-01,,0.0936,0.0884,0.0861,0.0826,0.2587,0.2378,0.201,0.2225,0.195,0.1619,0.1885,94.79,86.49,83.13,82.08,80.69,79.98,79.46,2219.83,1.52,1.6,1.59
289,2017-02-01,,0.0936,0.0884,0.0861,0.0826,0.2587,0.2378,0.201,0.2225,0.195,0.1619,0.1885,91.9,83.72,80.17,79.26,77.94,77.2,76.66,2259.69,1.53,1.61,1.61
290,2017-03-01,,0.0936,0.0884,0.0861,0.0826,0.2587,0.2378,0.201,0.2225,0.195,0.1619,0.1885,89.12,80.93,77.37,76.39,75.11,74.39,73.94,2244.26,1.51,1.59,1.59
291,2017-04-01,,0.0942,0.089,0.0867,0.0832,0.2587,0.2378,0.201,0.2225,0.195,0.1619,0.1885,90.16,81.94,78.43,77.41,76.04,75.33,74.81,2204.66,1.5,1.58,1.58
292,2017-05-01,,0.0951,0.0901,0.0878,0.0843,0.2587,0.2378,0.201,0.2225,0.195,0.1619,0.1885,87.13,78.96,75.42,74.43,73.05,72.29,71.82,2105.66,1.49,1.57,1.57
293,2017-06-01,,0.0927,0.0877,0.0856,0.0823,0.2587,0.2378,0.201,0.2225,0.195,0.1619,0.1885,84.96,76.74,73.2,72.18,70.78,70.1,69.58,2100.51,1.48,1.56,1.55
294,2017-07-01,,0.0927,0.0877,0.0856,0.0823,0.2587,0.2378,0.201,0.2225,0.195,0.1619,0.1885,85.42,77.27,73.76,72.61,71.16,70.49,69.96,2085.09,1.46,1.54,1.52
295,2017-08-01,,0.0927,0.0877,0.0856,0.0823,0.2587,0.2378,0.201,0.2225,0.195,0.1619,0.1885,87.7,79.7,76.09,75.03,73.63,72.96,72.44,2083.03,1.48,1.57,1.55
296,2017-09-01,,0.0927,0.0877,0.0856,0.0823,0.2587,0.2378,0.201,0.2225,0.195,0.1619,0.1885,90.48,82.47,78.92,77.83,76.42,75.77,75.23,2101.89,1.51,1.6,1.58
297,2017-10-01,,0.0934,0.0885,0.0863,0.0829,0.2587,0.2378,0.2011,0.2225,0.195,0.1619,0.1885,92.53,84.48,80.91,79.82,78.46,77.81,77.27,2125.11,1.53,1.62,1.61
298,2017-11-01,,0.0934,0.0885,0.0863,0.0829,0.2587,0.2378,0.2011,0.2225,0.195,0.1619,0.1885,95.75,87.69,84.1,83.06,81.65,81.01,80.47,2151.69,1.55,1.63,1.63
299,2017-12-01,,0.0934,0.0885,0.0863,0.0829,0.2587,0.2378,0.2011,0.2225,0.195,0.1619,0.1885,97.01,89.1,85.58,84.54,82.93,82.37,81.77,2203.04,1.55,1.63,1.63
300,2018-01-01,,0.0966,0.0919,0.0897,0.0864,0.2638,0.2429,0.2073,0.2272,0.2009,0.1693,0.1945,102.92,94.74,91.21,90.13,88.75,88.1,87.56,2230.19,1.56,1.64,1.65
301,2018-02-01,,0.0966,0.0919,0.0897,0.0864,0.2638,0.2429,0.2073,0.2272,0.2009,0.1693,0.1945,98.32,90.1,86.62,85.48,83.87,83.18,82.69,2232.34,1.58,1.66,1.67
302,2018-03-01,,0.0966,0.0919,0.0897,0.0864,0.2638,0.2429,0.2073,0.2272,0.2009,0.1693,0.1945,98.32,90.37,86.9,85.78,84.24,83.57,83.11,2209.45,1.54,1.63,1.64
303,2018-04-01,,0.0966,0.0919,0.0897,0.0864,0.2638,0.2429,0.2073,0.2272,0.2009,0.1693,0.1945,102.76,94.67,91.2,90.01,88.26,87.59,87.07,2203.81,1.58,1.66,1.67
304,2018-05-01,,0.0966,0.0919,0.0897,0.0864,0.2638,0.2429,0.2073,0.2272,0.2009,0.1693,0.1945,107.07,98.93,95.29,94.25,92.99,92.35,91.87,2099.97,1.65,1.74,1.74
305,2018-06-01,,0.0966,0.0919,0.0897,0.0864,0.2638,0.2429,0.2073,0.2272,0.2009,0.1693,0.1945,107.11,98.97,95.34,94.28,92.99,92.3,91.8,2090.19,1.68,1.77,1.77
306,2018-07-01,,0.097,0.0923,0.0901,0.0868,0.2638,0.2429,0.2073,0.2272,0.2009,0.1693,0.1945,107.22,99.14,95.51,94.47,93.19,92.54,92.04,2099.25,1.66,1.76,1.76
307,2018-08-01,,0.097,0.0923,0.0901,0.0868,0.2638,0.2429,0.2073,0.2272,0.2009,0.1693,0.1945,107.83,99.65,96.17,95.03,93.52,92.86,92.41,2116.96,1.66,1.76,1.76
308,2018-09-01,,0.097,0.0923,0.0901,0.0868,0.2638,0.2429,0.2073,0.2272,0.2009,0.1693,0.1945,110.26,102.05,98.55,97.46,96.1,95.4,94.92,2129.83,1.68,1.77,1.78
309,2018-10-01,,0.1021,0.0975,0.0952,0.0919,0.2638,0.243,0.2074,0.2273,0.2009,0.1695,0.1946,118.63,110.39,106.84,105.8,104.38,103.69,103.19,2140.97,1.69,1.79,1.79
310,2018-11-01,,0.1021,0.0975,0.0952,0.0919,0.2638,0.243,0.2074,0.2273,0.2009,0.1695,0.1946,120.2,112.02,108.2,107.28,105.47,104.74,104.21,2170.11,1.68,1.78,1.85
311,2018-12-01,,0.1021,0.0975,0.0952,0.0919,0.2638,0.243,0.2074,0.2273,0.2009,0.1695,0.1946,106.38,98.25,94.39,93.51,92.2,91.45,90.94,2179.54,1.59,1.68,1.8
312,2019-01-01,,0.1034,0.0988,0.0965,0.0932,0.2652,0.2441,0.2107,0.2276,0.204,0.174,0.1985,97.74,89.57,86.05,84.94,83.35,82.66,82.13,2205.26,1.54,1.64,1.74
313,2019-02-01,,0.1034,0.0988,0.0965,0.0932,0.2652,0.2441,0.2107,0.2276,0.204,0.174,0.1985,103.06,95.03,91.37,90.34,88.96,88.22,87.69,2226.17,1.53,1.63,1.73
314,2019-03-01,,0.1034,0.0988,0.0965,0.0932,0.2652,0.2441,0.2107,0.2276,0.204,0.174,0.1985,105.1,97.04,93.36,92.38,91.09,90.35,89.85,2219.57,1.55,1.65,1.75
315,2019-04-01,,0.1029,0.0984,0.0961,0.0927,0.2652,0.2441,0.2107,0.2276,0.204,0.174,0.1985,104.44,96.37,92.72,91.71,90.42,89.69,89.19,2156.87,1.61,1.7,1.76
316,2019-05-01,,0.1029,0.0984,0.0961,0.0927,0.2652,0.2441,0.2107,0.2276,0.204,0.174,0.1985,107.48,99.41,95.75,94.75,93.42,92.68,92.18,2041.46,1.67,1.76,1.81
317,2019-06-01,,0.1029,0.0984,0.0961,0.0927,0.2652,0.2441,0.2107,0.2276,0.204,0.174,0.1985,99.41,91.36,87.79,86.74,85.34,84.61,84.09,2046.6,1.65,1.74,1.78
318,2019-07-01,,0.1027,0.0982,0.0959,0.0925,0.2652,0.2441,0.2107,0.2276,0.204,0.174,0.1985,103.0,94.94,91.32,90.32,88.99,88.27,87.74,2076.94,1.64,1.73,1.73
319,2019-08-01,,0.1027,0.0982,0.0959,0.0925,0.2652,0.2441,0.2107,0.2276,0.204,0.174,0.1985,100.79,92.76,89.2,88.18,86.7,85.97,85.44,2091.04,1.64,1.73,1.73
320,2019-09-01,,0.1027,0.0982,0.0959,0.0925,0.2652,0.2441,0.2107,0.2276,0.204,0.174,0.1985,102.89,94.9,91.33,90.34,88.81,88.08,87.54,2113.78,1.59,1.68,1.71
321,2019-10-01,,0.1004,0.0958,0.094,0.0906,0.2652,0.2441,0.2107,0.2276,0.204,0.174,0.1984,101.77,93.66,90.23,89.18,87.6,86.88,86.3,2125.78,1.59,1.68,1.74
322,2019-11-01,,0.1004,0.0958,0.094,0.0906,0.2655,0.2443,0.2109,0.2279,0.2042,0.174,0.1986,99.65,91.63,88.07,87.08,85.81,85.07,84.55,2151.3,1.57,1.66,1.74
323,2019-12-01,,0.1004,0.0958,0.094,0.0906,0.2655,0.2443,0.2109,0.2279,0.2042,0.174,0.1986,100.67,92.64,89.15,88.1,86.82,86.11,85.56,2176.98,1.57,1.67,1.71
324,2020-01-01,,0.0979,0.0934,0.0917,0.0884,0.2651,0.2439,0.2107,0.227,0.2037,0.174,0.1979,101.18,93.16,89.65,88.62,87.29,86.52,85.99,2192.5,1.59,1.68,1.72
325,2020-02-01,,0.0979,0.0934,0.0917,0.0884,0.2651,0.2439,0.2107,0.227,0.2037,0.174,0.1979,92.35,84.34,80.8,79.76,78.32,77.58,77.04,2211.46,1.55,1.66,1.67
326,2020-03-01,,0.0979,0.0934,0.0917,0.0884,0.2651,0.2439,0.2107,0.227,0.2037,0.174,0.1979,83.51,75.51,72.27,71.01,69.22,68.5,67.9,2185.86,1.49,1.59,1.6
327,2020-04-01,,0.0976,0.0931,0.0913,0.0881,0.2651,0.2439,0.2107,0.227,0.2037,0.174,0.1979,77.3,69.17,66.25,64.84,62.87,62.16,61.5,2135.74,1.41,1.51,1.52
328,2020-05-01,,0.0964,0.0919,0.0901,0.0869,0.2651,0.2439,0.2107,0.227,0.2037,0.174,0.1979,75.51,67.44,64.32,63.03,60.88,60.09,59.55,2015.33,1.38,1.48,1.48
329,2020-06-01,,0.0964,0.0919,0.0901,0.0869,0.2651,0.2439,0.2107,0.227,0.2037,0.174,0.1979,77.4,69.57,66.43,65.16,63.39,62.67,62.0,1984.88,1.39,1.49,1.49
330,2020-07-01,,0.0962,0.0918,0.09,0.0868,0.2651,0.2439,0.2107,0.227,0.2037,0.174,0.1979,78.8,70.83,67.28,66.15,64.67,63.94,63.44,1990.08,1.4,1.5,1.5
331,2020-08-01,,0.0962,0.0918,0.09,0.0868,0.2651,0.2439,0.2107,0.227,0.2037,0.174,0.1979,77.8,69.86,66.28,65.21,63.82,63.06,62.55,2020.14,1.39,1.49,1.5
332,2020-09-01,,0.0962,0.0918,0.09,0.0868,0.2651,0.2439,0.2107,0.227,0.2037,0.174,0.1979,75.11,67.13,63.5,62.43,61.02,60.27,59.76,2069.92,1.4,1.49,1.5
333,2020-10-01,,0.0941,0.0897,0.0879,0.0846,0.265,0.2438,0.2106,0.2269,0.2036,0.1739,0.1978,75.77,67.7,64.16,63.08,61.68,60.93,60.43,2077.12,1.39,1.49,1.5
334,2020-11-01,,0.0941,0.0897,0.0879,0.0846,0.265,0.2438,0.2106,0.2269,0.2036,0.1739,0.1978,74.38,66.3,62.73,61.62,60.19,59.45,58.94,2094.32,1.39,1.49,1.5
335,2020-12-01,,0.0941,0.0897,0.0879,0.0846,0.265,0.2438,0.2106,0.2269,0.2036,0.1739,0.1978,80.96,72.94,69.36,68.25,66.79,66.05,65.54,2112.72,1.41,1.51,1.51
336,2021-01-01,,0.096,0.0911,0.0892,0.0858,0.2723,0.249,0.2144,0.2304,0.2061,0.1746,0.1993,83.54,76.01,72.36,70.8,69.38,68.65,68.14,2120.54,1.48,1.57,1.57
337,2021-02-01,,0.096,0.0911,0.0892,0.0858,0.2723,0.249,0.2144,0.2304,0.2061,0.1746,0.1993,86.51,78.98,75.36,73.78,72.26,71.52,71.01,2136.28,1.54,1.63,1.63
338,2021-03-01,,0.0965,0.0914,0.0892,0.085,0.2723,0.249,0.2144,0.2304,0.2061,0.1746,0.1993,92.33,84.71,81.02,79.51,78.14,77.42,76.92,2137.33,1.61,1.7,1.7
339,2021-04-01,,0.0963,0.0913,0.089,0.0848,0.2723,0.249,0.2144,0.2304,0.2061,0.1746,0.1993,91.08,83.44,79.8,78.34,76.92,76.19,75.7,2075.56,1.63,1.72,1.72
340,2021-05-01,,0.0963,0.0913,0.089,0.0848,0.2723,0.249,0.2144,0.2304,0.2061,0.1746,0.1993,92.26,84.69,81.0,79.49,78.06,77.35,76.86,1980.88,1.64,1.74,1.73
341,2021-06-01,,0.0963,0.0913,0.089,0.0848,0.2723,0.249,0.2144,0.2304,0.2061,0.1746,0.1993,94.98,87.41,83.75,82.23,80.79,80.06,79.55,1984.33,1.66,1.75,1.74
342,2021-07-01,,0.0966,0.0914,0.0891,0.0848,0.2723,0.249,0.2144,0.2304,0.2061,0.1746,0.1993,97.83,90.05,86.4,84.89,83.48,82.75,82.25,1988.9,1.71,1.8,1.79
343,2021-08-01,,0.0966,0.0914,0.0891,0.0848,0.2723,0.249,0.2144,0.2304,0.2061,0.1746,0.1993,96.37,88.63,85.01,83.5,82.06,81.31,80.83,2013.64,1.71,1.8,1.77
344,2021-09-01,,0.0966,0.0914,0.0891,0.0848,0.2723,0.249,0.2144,0.2304,0.2061,0.1746,0.1993,98.69,90.95,87.36,85.77,84.33,83.58,83.11,2038.02,1.7,1.79,1.75
345,2021-10-01,,0.1046,0.0993,0.0967,0.0927,0.2723,0.249,0.2144,0.2304,0.2061,0.1746,0.1993,108.63,100.93,97.28,95.68,94.13,93.37,92.89,2076.59,1.76,1.85,1.81
346,2021-11-01,,0.1064,0.1012,0.0986,0.0946,0.2723,0.249,0.2144,0.2304,0.2061,0.1746,0.1993,111.18,103.52,99.89,98.27,96.41,95.63,95.17,2140.61,1.81,1.9,1.86
347,2021-12-01,,0.1064,0.1012,0.0986,0.0946,0.2723,0.249,0.2144,0.2304,0.2061,0.1746,0.1993,106.96,99.21,95.85,94.08,92.38,91.6,91.11,2368.62,1.78,1.87,1.83
348,2022-01-01,,0.1316,0.1267,0.1241,0.1195,0.2765,0.2534,0.219,0.2346,0.2107,0.18,0.2049,114.33,106.17,102.5,101.42,100.4,99.61,99.09,2576.72,1.76,1.86,1.82
349,2022-02-01,,0.1321,0.1272,0.1246,0.1197,0.2765,0.2534,0.219,0.2346,0.2107,0.18,0.2049,123.28,115.01,111.15,110.17,109.16,108.33,107.82,2762.58,1.86,1.95,1.91
350,2022-03-01,,0.1336,0.1287,0.1261,0.1212,0.2765,0.2534,0.219,0.2346,0.2107,0.18,0.2049,137.2,128.63,124.93,123.95,122.95,122.05,121.53,2842.32,2.0,2.1,2.12
351,2022-04-01,,0.1341,0.1293,0.1266,0.1218,0.2765,0.2534,0.219,0.2346,0.2107,0.18,0.2049,151.95,143.95,140.16,138.94,137.91,137.09,136.61,2798.47,2.04,2.13,2.2
352,2022-05-01,,0.1353,0.1304,0.1278,0.1229,0.2765,0.2534,0.219,0.2346,0.2107,0.18,0.2049,159.17,151.35,147.49,146.17,145.16,144.33,143.86,2814.42,2.06,2.16,2.26
353,2022-06-01,,0.1382,0.1333,0.1307,0.1258,0.2765,0.2534,0.219,0.2346,0.2107,0.18,0.2049,169.29,161.33,157.71,156.39,155.41,154.6,154.02,2906.72,2.25,2.37,2.34
354,2022-07-01,,0.1509,0.146,0.1434,0.1378,0.2765,0.2534,0.219,0.2346,0.2107,0.18,0.2049,164.02,156.06,152.39,151.04,150.03,149.2,148.64,3041.16,2.24,2.38,2.37
355,2022-08-01,,0.1524,0.1475,0.1449,0.1393,0.2765,0.2534,0.219,0.2346,0.2107,0.18,0.2049,169.81,161.92,158.53,157.13,156.15,155.37,154.86,3326.75,2.15,2.28,2.33
356,2022-09-01,,0.1524,0.1475,0.1449,0.14,0.2765,0.2534,0.219,0.2346,0.2107,0.18,0.2049,158.48,150.68,146.87,145.77,144.79,144.03,143.48,3680.18,2.02,2.15,2.28
357,2022-10-01,,0.1744,0.1694,0.1669,0.1619,0.2765,0.2534,0.219,0.2346,0.2107,0.18,0.2049,165.44,156.31,152.77,151.44,150.42,149.08,148.5,3964.9,1.9,2.02,2.2
358,2022-11-01,,0.1781,0.1731,0.1706,0.1656,0.2765,0.2534,0.219,0.2346,0.2107,0.18,0.2049,152.8,144.06,140.09,139.18,138.18,137.46,136.85,4023.35,1.92,2.05,2.26
359,2022-12-01,,0.1781,0.1731,0.1706,0.1656,0.2765,0.2532,0.2191,0.2344,0.2108,0.1802,0.2048,143.39,135.15,131.21,130.34,129.37,128.55,127.99,4012.95,1.79,1.92,2.09
360,2023-01-01,,0.1823,0.1774,0.1749,0.1699,0.3365,0.3126,0.2771,0.2935,0.2685,0.2343,0.2614,139.68,131.3,127.33,126.49,125.53,124.67,124.12,4003.23,1.77,1.89,2.06
361,2023-02-01,,0.1819,0.177,0.1745,0.1695,0.3365,0.3126,0.2771,0.2935,0.2685,0.2343,0.2614,131.84,123.34,119.64,118.63,117.65,116.93,116.42,3889.78,1.82,1.94,2.04
362,2023-03-01,,0.1809,0.176,0.1735,0.1685,0.3365,0.3126,0.2771,0.2935,0.2685,0.2343,0.2614,128.64,120.07,116.31,115.33,114.34,113.62,113.09,3746.66,1.82,1.94,2.02
363,2023-04-01,,,,,,,,,,,,,,,,,,,,,,,
364,2023-05-01,,,,,,,,,,,,,,,,,,,,,,,
365,2023-06-01,,,,,,,,,,,,,,,,,,,,,,,
366,2023-07-01,,,,,,,,,,,,,,,,,,,,,,,
367,2023-08-01,,,,,,,,,,,,,,,,,,,,,,,
368,2023-09-01,,,,,,,,,,,,,,,,,,,,,,,
369,2023-10-01,,,,,,,,,,,,,,,,,,,,,,,
370,2023-11-01,,,,,,,,,,,,,,,,,,,,,,,
371,2023-12-01,,,,,,,,,,,,,,,,,,,,,,,
372,,,,,,,,,,,,,,,,,,,,,,,,
373,,,,,,,,,,,,,,,,,,,,,,,,Quelle: LIK / Source: IPC
